Record ID,Category,Prompt Preview,检查是否完成,是否存在Viewer失败项,是否待仿真,标注版本,零件拆分与活动属性是否合理,零件数量和种类是否符合描述,必要结构是否完整,几何形状、尺寸和比例是否合理,零件位置、朝向与装配关系是否合理,初始状态是否不存在非预期穿插、悬浮或脱离,父子关系与连接对象是否正确,活动零件是否具有对应的运动学关节,运动学关节类型是否正确,运动学关节的位置与轴向是否正确,运动学关节的运动范围是否合理,活动零件是否具有可信的实体连接或支撑结构,运动过程中是否不存在非预期穿模或几何干涉,多部件机构的连接与运动关系是否合理,Notes,Annotator,Legacy Failure Types,Legacy Source,Legacy Conversion Notes,Created At,Updated At
rec_air_conditioning_machine_7e491607358345d4af18dd84accf03d3,Air conditioning machine,"A ceiling-suspended cassette air conditioning machine with a square panel, a central intake grille, and four outlet flaps around the perimeter. The four outl...",是,是,否,new,满足,满足,不满足,满足,满足,满足,满足,不满足,满足,满足,满足,不满足,满足,满足,,wanglin,,,,2026-07-17T20:46:00.527356+00:00,2026-07-29T23:53:59.333090+00:00
rec_adjustable_weight_bench_with_hinged_backrest_8590c7ba954646b0b7f0a1b6fecc6b44,Adjustable weight bench with hinged backrest,"A flat-incline utility bench with a rectangular base, a hinged backrest, a smaller seat pad, and a rear ladder support, plus a front carry handle between the...",是,是,否,new,不满足,不涉及,不满足,不涉及,不涉及,不满足,不涉及,不涉及,不涉及,不涉及,不涉及,不满足,不涉及,不涉及,,wanglin,,,,2026-07-17T20:46:15.874335+00:00,2026-07-29T23:53:59.333090+00:00
rec_air_fryer_with_pullout_basket_14ac4c8c9e35416b864382571fa27e62,Air fryer with pullout basket,"A cylindrical matte-finish air fryer with a rounded body, a short basket drawer, and a top control tower carrying a temperature dial, a time dial, and a keep...",是,是,否,new,满足,满足,满足,满足,满足,不满足,满足,满足,不满足,满足,满足,满足,满足,满足,,wanglin,,,,2026-07-17T20:58:50.493522+00:00,2026-07-29T23:53:59.333090+00:00
rec_threejoint_revolute_chain_85fb958e4e69447f9cc50408d313f8ee,Three-joint revolute chain,"A wall-mounted inspection arm with a grounded base plate, three rigid links, and a small square pad at the end. The link lengths should vary enough to give t...",是,否,否,new,满足,满足,满足,满足,满足,满足,满足,满足,满足,满足,满足,不涉及,满足,不涉及,,yiyun,,,,2026-07-18T18:31:50.737462+00:00,2026-07-29T23:53:59.333090+00:00
rec_threestage_telescoping_slide_a3fbf11eb0f540f2b80c226b252a5c10,Three-stage telescoping slide,A service fixture built as a nested three-stage slide. A grounded outer guide supports successive inner runners with plain rectangular front faces and practi...,是,否,否,new,满足,满足,满足,满足,满足,满足,满足,满足,满足,满足,满足,满足,满足,满足,,yiyun,,,,2026-07-18T18:35:48.028729+00:00,2026-07-29T23:53:59.333090+00:00
rec_tilting_fan_540930b6847a441892643dedf9b71761,Tilting fan,"A desk fan with a tilting head. A base supports a guarded fan head between two side brackets. Joints: the fan rotor spins continuously about its axle, and th...",是,否,否,new,满足,满足,满足,满足,满足,满足,满足,满足,满足,满足,满足,满足,满足,不涉及,,yiyun,,,,2026-07-18T18:42:11.050623+00:00,2026-07-29T23:53:59.333090+00:00
rec_toaster_oven_9c7391223cd4493699fe5c76b91754c1,Toaster oven,Create a cost-optimized mass-manufacturable Toaster oven. Base architecture: a rectangular oven body with front door and shaft-driven control knobs. Reduce p...,是,是,否,new,满足,满足,不满足,满足,满足,满足,满足,满足,满足,满足,满足,不满足,满足,不涉及,,yiyun,,,,2026-07-18T18:46:16.969229+00:00,2026-07-29T23:53:59.333090+00:00
rec_top_load_washing_machine_with_hinged_lid_edd9109be75e4ef6a1bcf51f2b050268,Top-load washing machine with hinged lid,"A family top-load washer with a glass lid, a wide drum opening, and two flip-up dispenser lids set into the rear corners of the top deck behind a selector kn...",是,是,否,new,满足,满足,不满足,满足,满足,满足,满足,不满足,不满足,不满足,满足,不满足,满足,不涉及,,yiyun,,,,2026-07-18T18:52:17.621951+00:00,2026-07-29T23:53:59.333090+00:00
rec_tower_fan_with_rotary_controls_c23bcbc7114b484290d573db335cd72d,Tower fan with rotary controls,"A modern tower fan with a tall rectangular housing, a circular pedestal base, and a top control deck carrying rotary knobs, plus a carry handle integrated in...",是,是,否,new,满足,不满足,不满足,满足,满足,满足,满足,满足,满足,满足,满足,满足,满足,不涉及,,yiyun,,,,2026-07-18T18:57:04.076633+00:00,2026-07-29T23:53:59.333090+00:00
rec_toy_car_02be9890023a4e7f9b4116f3da82848f,Toy car,"A toy off-road buggy with a faceted body shell, a roof bar, open wheel arches, and four chunky wheels. The four wheels rotate continuously on their axles, an...",是,否,否,new,满足,满足,满足,满足,满足,满足,满足,满足,满足,满足,满足,满足,满足,满足,,yiyun,,,,2026-07-18T19:00:18.907750+00:00,2026-07-29T23:53:59.333090+00:00
rec_toy_model_planes_e0465bef51574bd8aa8f5c28bddc3c17,Toy model planes,"A small propeller model airplane. A fuselage carries fixed wings and tail, with a nose propeller and a simple landing gear or display peg under the belly. Jo...",是,是,否,new,满足,不满足,不满足,满足,满足,满足,满足,满足,满足,满足,满足,满足,满足,不涉及,,yiyun,,,,2026-07-18T19:03:29.661870+00:00,2026-07-29T23:53:59.333090+00:00
rec_traditional_windmill_00b3e45fa2e04aeaa5fb363f96b2115e,Traditional windmill,A traditional windmill with a rotating sail hub. A tower body supports a cap and a front hub carrying multiple lattice blades. Joints: the blade hub rotates...,是,否,否,new,满足,满足,满足,满足,满足,满足,满足,满足,满足,满足,满足,满足,满足,不涉及,,yiyun,,,,2026-07-18T19:06:38.486332+00:00,2026-07-29T23:53:59.333090+00:00
rec_tripodmounted_device_4bef7e09407d471691dbfbcc8e710dea,Tripod-mounted device,"A compact optical device on a tripod with folding legs, a sliding center mast, and a protective front cover on the device face. The legs rotate on crown hing...",是,否,否,new,满足,满足,满足,满足,满足,满足,满足,满足,满足,满足,满足,满足,满足,不涉及,,yiyun,,,,2026-07-18T19:08:55.987773+00:00,2026-07-29T23:53:59.333090+00:00
rec_turnstile_gates_8eaceeb4c6df41858cafad676d36acd9,Turnstile Gates,A three-arm turnstile gate. A central column supports a rotor hub with three radial arms inside a fixed frame. Joints: the arm hub rotates continuously about...,是,否,否,new,满足,满足,满足,满足,满足,满足,满足,满足,满足,满足,满足,满足,满足,不涉及,,yiyun,,,,2026-07-18T19:11:01.732940+00:00,2026-07-29T23:53:59.333090+00:00
rec_turntable_0001,Turntable,"A realistic, highly detailed turntable with a low rectangular plinth, a circular platter, a pivoted tonearm, a compact cartridge head, and convincing hi-fi e...",是,否,否,new,满足,满足,满足,满足,满足,满足,满足,满足,满足,满足,满足,满足,满足,不涉及,,yiyun,,,,2026-07-18T19:13:15.405387+00:00,2026-07-29T23:53:59.333090+00:00
rec_tv_wall_mount_0002,TV wall mount,"Design a realistic, highly detailed TV wall mount as a standalone mechanical study assembly for the sdk_hybrid pipeline, with a wall-mounted support mechanis...",是,否,否,new,满足,满足,满足,满足,满足,满足,满足,满足,满足,满足,满足,满足,满足,不涉及,,yiyun,,,,2026-07-18T19:15:27.635839+00:00,2026-07-29T23:53:59.333090+00:00
rec_twojoint_prismatic_chain_53ea9bfa9ae1457095ae95c6bb1ff47a,Two-joint prismatic chain,"A nested sample tray carrier with an outer drawer body, a middle tray, and a smaller inner tray at the front. The trays should visibly nest so the two extens...",是,否,否,new,满足,满足,满足,满足,满足,满足,满足,满足,满足,满足,满足,满足,满足,不涉及,,yiyun,,,,2026-07-18T19:19:06.315194+00:00,2026-07-29T23:53:59.333090+00:00
rec_twojoint_revolute_chain_81af4b1a09fe42bebb22ea5c3e5048a3,Two-joint revolute chain,"A wall-backed two-joint revolute chain. A fixed backplate carries a root clevis and a sequence of articulated links, with enough spacing between links that e...",是,否,否,new,满足,满足,满足,满足,满足,满足,满足,满足,满足,满足,满足,满足,满足,不涉及,,yiyun,,,,2026-07-18T19:22:00.966564+00:00,2026-07-29T23:53:59.333090+00:00
rec_twostage_telescoping_slide_fa57ef4a4e1945f3ae9a426f20581a7c,Two-stage telescoping slide,A bridge-backed extension slide. A rear support carries an outer slide body and one carried inner stage projecting from it. The carried stage is one prismati...,是,否,否,new,不涉及,满足,满足,满足,满足,满足,满足,满足,满足,满足,满足,满足,满足,不涉及,,yiyun,,,,2026-07-18T19:27:12.307052+00:00,2026-07-29T23:53:59.333090+00:00
rec_undershot_waterwheel_0003,Undershot waterwheel,"A realistic, highly detailed Undershot Waterwheel in a refined premium variant, with a wheel rim and paddles, side support frame, and axle bearings positione...",是,否,否,new,满足,满足,满足,满足,满足,满足,满足,满足,满足,满足,满足,满足,满足,不涉及,,yiyun,,,,2026-07-18T19:30:33.447549+00:00,2026-07-29T23:53:59.333090+00:00
rec_usb_drive_with_swivel_cover_5fe5aa05d3e048c7917a782fee9502b6,USB drive with swivel cover,"A USB drive with a swivel cover. A compact body carries the connector, and a U-shaped cover wraps around the body on a side pin. Joints: the cover rotates co...",是,是,否,new,满足,满足,满足,满足,满足,满足,满足,满足,满足,满足,不满足,满足,不满足,不涉及,,yiyun,,,,2026-07-18T19:32:02.827622+00:00,2026-07-29T23:53:59.333090+00:00
rec_vacuum_cleaner_with_articulated_wand_357e370aaa6741aaaf93425c9d649b5a,Vacuum cleaner with articulated wand,Build a precision professional Vacuum cleaner with articulated wand tuned for calibration and repeatable alignment. Use a vacuum body with articulated wand s...,是,是,否,new,满足,不满足,满足,满足,满足,满足,满足,满足,满足,满足,满足,满足,满足,不涉及,,yiyun,,,,2026-07-18T19:34:44.253447+00:00,2026-07-29T23:53:59.333090+00:00
rec_flap_array_with_independent_hinges_0002,Vane array with independent pivots,"A rectangular frame carrying several independently hinged flaps, with repeated revolute joints and clean sheet-metal-like geometry.",是,否,否,new,满足,满足,满足,满足,满足,满足,满足,满足,满足,满足,满足,满足,满足,不涉及,,yiyun,,,,2026-07-18T19:36:16.985414+00:00,2026-07-29T23:53:59.333090+00:00
rec_vertical_slide_with_wrist_hinge_f18d3a9735e24e03b94589349819009e,Vertical slide with wrist hinge,"A mast-and-wrist slide. A grounded vertical guide carries a moving carriage, and the carriage carries a compact hinged output face at its front. The carriage...",是,否,否,new,满足,满足,满足,满足,满足,满足,满足,满足,满足,满足,满足,满足,满足,不涉及,,yiyun,,,,2026-07-18T19:38:49.086496+00:00,2026-07-29T23:53:59.333090+00:00
rec_waffle_maker_aef0e905c2174eceadda3173e90c646d,Waffle maker,"A countertop waffle maker with a lower cooking base, a hinged upper plate, and a browning-control knob on the side. The upper plate rotates upward on a rear...",是,否,否,new,满足,满足,满足,满足,满足,满足,满足,满足,满足,满足,满足,满足,满足,不涉及,,yiyun,,,,2026-07-18T19:41:06.218195+00:00,2026-07-29T23:53:59.333090+00:00
rec_wall_safe_with_hinged_door_and_dial_a62b6299f8e34d21a36c51681a3d3709,Wall Safe With Hinged Door And Dial,"A recessed wall safe with a rectangular front frame, a thick door, a round combination dial, and a three-spoke handle at the center. The door rotates on a ve...",是,是,否,new,满足,不满足,满足,满足,满足,满足,满足,满足,满足,满足,满足,满足,满足,不涉及,,yiyun,,,,2026-07-18T19:42:58.642519+00:00,2026-07-29T23:53:59.333090+00:00
rec_wall_thermostat_with_articulated_controls_f913d89d4077488f81709454ebd72e8c,Wall thermostat with articulated controls,"A realistic, highly detailed wall thermostat with a compact mounted housing, a prominent rotating dial, a clean front face, and a believable home-climate-con...",是,否,否,new,满足,满足,满足,满足,满足,满足,满足,满足,满足,满足,满足,满足,满足,不涉及,,yiyun,,,,2026-07-18T19:44:28.142234+00:00,2026-07-29T23:53:59.333090+00:00
rec_watch_winder_box_with_hinged_lid_e8bfd626f2f04fa3a087f47cdddb81d8,Watch winder box with hinged lid,A watch winder presentation box. A box body supports a top lid and one internal cradle mounted on a small spindle. Joints: the lid is revolute about a horizo...,是,否,否,new,满足,满足,满足,满足,满足,满足,满足,满足,满足,满足,满足,满足,满足,不涉及,,yiyun,,,,2026-07-18T19:47:20.175779+00:00,2026-07-29T23:53:59.333090+00:00
rec_wheelbarrow_ee2d5690c8a14283b4b38202f1a0381d,Wheelbarrow,"Model Wheelbarrow as an industrial safety-first variant for heavy duty cycles. Start from a tray, front wheel fork/axle, rear legs, and tubular handles, then...",是,是,否,new,满足,满足,满足,满足,不满足,满足,满足,满足,满足,满足,满足,满足,满足,不涉及,,yiyun,,,,2026-07-18T19:50:21.700411+00:00,2026-07-29T23:53:59.333090+00:00
rec_wheelchair_35fae8af32834d34ad3bbf2c7578d4e2,Wheelchair,"A realistic, highly detailed Wheelchair in a rugged utility variant, with a rigid or foldable chair frame, large rear drive wheels, front casters, and footre...",是,否,否,new,满足,满足,满足,满足,满足,满足,满足,满足,满足,满足,满足,满足,满足,不涉及,,yiyun,,,,2026-07-18T19:53:38.614592+00:00,2026-07-29T23:53:59.333090+00:00
rec_wheelie_bin_with_hinged_lid_4cb061e3d69c4d4c843a9b332ee19f03,Wheelie bin with hinged lid,Generate a compact apartment/desktop version of Wheelie bin with hinged lid. Keep footprint and envelope efficient while preserving full functional articulat...,是,否,否,new,满足,满足,满足,满足,满足,满足,满足,满足,满足,满足,满足,满足,满足,不涉及,,yiyun,,,,2026-07-18T19:55:15.869258+00:00,2026-07-29T23:53:59.333090+00:00
rec_wind_turbine_e10650a329fb4c79b8baeee1fa7b8566,Wind turbine,"A horizontal-axis wind turbine with a tapered tower, a nacelle, and a three-blade rotor hub at the front. The nacelle stays clearly mounted on a yaw bearing...",是,否,否,new,满足,满足,满足,满足,满足,满足,满足,满足,满足,满足,满足,满足,满足,不涉及,,yiyun,,,,2026-07-18T19:59:24.484173+00:00,2026-07-29T23:53:59.333090+00:00
rec_windshield_sun_visor_d79bab04ab074d7d8eeacd123777b1e1,Windshield sun visor,Design Windshield sun visor as a field-service workhorse. Build it around a visor panel on a roof hinge arm plus secondary swing pivot. Prioritize chunky har...,是,是,否,new,满足,满足,满足,满足,不满足,满足,满足,满足,满足,满足,满足,满足,满足,不涉及,,yiyun,,,,2026-07-18T20:01:15.226168+00:00,2026-07-29T23:53:59.333090+00:00
rec_windshield_wiper_assembly_291e082ab0b34d1cb8d1d37d83a9fe5f,Windshield wiper assembly,"A realistic, highly detailed windshield wiper assembly with a pivoting wiper arm, articulated blade support structure, and a believable automotive-hardware a...",是,否,否,new,满足,满足,满足,满足,满足,满足,满足,满足,满足,满足,满足,满足,满足,不涉及,,yiyun,,,,2026-07-18T20:03:20.467929+00:00,2026-07-29T23:53:59.333090+00:00
rec_xyz_cartesian_stage_072a106777414d4f94599578f9604d76,XYZ Cartesian stage,"An XYZ cartesian stage. A grounded base carries a long X slide, the X carriage carries a crosswise Y slide, and the Y carriage carries a compact Z slide with...",是,是,否,new,满足,满足,满足,满足,满足,不满足,满足,满足,满足,满足,满足,满足,不满足,不涉及,,yiyun,,,,2026-07-18T20:05:15.839315+00:00,2026-07-29T23:53:59.333090+00:00
rec_yawpitch_module_24e621d7df2641ac9889e6a08c3bc421,Yaw-pitch module,"A pan-tilt surveillance head with a rotary base and tilting upper fork, using simple cast-like housings and flat equipment brackets.",是,否,否,new,满足,满足,满足,满足,满足,满足,满足,满足,满足,满足,满足,满足,满足,不涉及,,yiyun,,,,2026-07-18T20:09:20.618081+00:00,2026-07-29T23:53:59.333090+00:00
rec_yawpitchroll_wrist_71a3903167694d5ab1a72ebd73fa28f6,Yaw-pitch-roll wrist,"A compact tool wrist with a yaw collar at the root, a pitch yoke in the middle, and a short roll spindle carrying a flange at the nose. The three axis suppor...",是,否,否,new,满足,满足,满足,满足,满足,满足,满足,满足,满足,满足,满足,满足,满足,不涉及,,yiyun,,,,2026-07-18T20:11:25.402432+00:00,2026-07-29T23:53:59.333090+00:00
rec_zippo_lighter_a19c9756cfd3497d8ce55415517699a2,Zippo lighter,"A matte-finish pocket lighter with a deep lower body, a square lid, and a visible inner insert with a wick opening, plus a lift-out insert fit inside the low...",是,是,否,new,满足,满足,满足,满足,满足,满足,满足,满足,满足,满足,满足,满足,不满足,不涉及,,yiyun,,,,2026-07-18T20:21:04.624340+00:00,2026-07-29T23:53:59.333090+00:00
rec_lighthouse_with_rotating_beacon_assembly_66ebf92827a943f58873cf49fad7a7fc,Lighthouse with rotating beacon assembly,"A realistic, highly detailed lighthouse with a substantial tower and a believable rotating beacon assembly at the top. The beacon motion articulates naturall...",是,否,否,new,满足,满足,满足,满足,满足,满足,满足,满足,满足,满足,满足,满足,满足,不涉及,,xuge,,,,2026-07-18T20:35:15.317918+00:00,2026-07-29T23:53:59.333090+00:00
rec_linear_carriage_with_independent_rotary_endeffector_ac62f36bf0b04244a5c1aa38b4119472,Linear carriage with independent rotary end-effector,A box-rail carriage with rotary nose. A grounded box rail supports a sliding carriage with a short nose spindle mounted to the front face. The carriage is a...,是,否,否,new,满足,满足,满足,满足,满足,满足,满足,满足,满足,满足,满足,满足,满足,不涉及,,xuge,,,,2026-07-18T20:37:50.352166+00:00,2026-07-29T23:53:59.333090+00:00
rec_lounge_chair_with_independent_backrest_and_footrest_415793483ae540319d0cf39f68455281,Lounge chair with independent backrest and footrest,"A padded chaise-style recliner with broad side arms, a separate back panel, and a long leg-rest panel. The base frame is fixed, the backrest is mounted betwe...",是,是,否,new,满足,满足,满足,满足,满足,满足,满足,满足,满足,满足,不满足,满足,满足,不涉及,backrest旋转范围过大，会触碰甚至穿过地面,xuge,,新版原始标注（覆盖旧版前350条）,该 Record ID 同时出现在旧版前350条和新版235条中，最终采用新版原始细粒度标注。旧版与新版的 Viewer 是否失败结论不一致。,2026-07-18T20:42:42.338406+00:00,2026-07-29T23:53:59.333090+00:00
rec_louvered_shutter_assembly_1e0fd6a81fab445ca693a6892585c319,Louvered shutter assembly,"A broad plantation shutter with two side-by-side louver banks in one panel. The single framed door hangs on one side of the opening, and two parallel banks o...",是,是,否,new,满足,满足,满足,满足,满足,满足,满足,满足,满足,满足,满足,不满足,不满足,不涉及,,xuge,,新版原始标注（覆盖旧版前350条）,该 Record ID 同时出现在旧版前350条和新版235条中，最终采用新版原始细粒度标注。旧版与新版的 Viewer 是否失败结论不一致。,2026-07-18T20:46:17.887203+00:00,2026-07-29T23:53:59.333090+00:00
rec_mailbox_with_front_access_door_0002,Mailbox with front access door,"A curbside mailbox with a rounded top and a front access door. The main box body is fixed to a short post or mounting plate, and the curved front door closes...",是,是,否,new,满足,满足,满足,满足,满足,满足,满足,满足,满足,满足,满足,不满足,满足,不涉及,,xuge,,,,2026-07-18T20:48:17.216472+00:00,2026-07-29T23:53:59.333090+00:00
rec_mastmounted_fork_carriage_c3e7acda77b249c8b1f9155c9a68ea68,Mast-mounted fork carriage,A warehouse mast fork carriage. A twin-upright mast supports a moving fork frame with a stiff backrest grid and short paired forks at the bottom edge. The fo...,是,是,否,new,满足,满足,满足,满足,满足,满足,满足,满足,满足,满足,满足,不满足,不满足,不涉及,,xuge,,,,2026-07-18T20:50:35.924115+00:00,2026-07-29T23:53:59.333090+00:00
rec_metronome_c8917520bd114977a46b060942212ee6,Metronome,A pyramid metronome with two independently adjustable weights on the pendulum rod for fine and coarse tempo control. A tapered wooden housing on a rectangula...,是,否,否,new,满足,满足,满足,满足,满足,满足,满足,满足,满足,满足,满足,满足,满足,不涉及,,xuge,,,,2026-07-18T20:53:51.923235+00:00,2026-07-29T23:53:59.333090+00:00
rec_microwave_oven_47dc895bb93344b9bee2eb9b47092c97,Microwave oven,"A grill-combo microwave with a side-hinged door, a turntable tray, and a chunky selector knob. The front face is divided between the large door window and a...",是,是,否,new,满足,满足,满足,满足,满足,满足,满足,不满足,满足,满足,满足,满足,满足,不涉及,,xuge,,,,2026-07-18T21:11:18.633376+00:00,2026-07-29T23:53:59.333090+00:00
rec_a-midi-keyboard_20260322_164952_491478_ce96f1d3,MIDI keyboard controller with pitch wheel and sliders,A midi keyboard,是,是,否,new,满足,满足,满足,满足,满足,不满足,满足,满足,满足,满足,满足,不满足,不满足,不涉及,,xuge,,,,2026-07-18T21:14:39.240623+00:00,2026-07-29T23:53:59.333090+00:00
rec_missile_launcher_91c8ac060ad846448a2f80737cd3f3d4,Missile launcher,A truck-bed style missile launcher module without the vehicle. A rectangular base frame carries a slewing ring and an elevation arm that supports a bank of c...,是,是,否,new,满足,满足,满足,满足,满足,不满足,满足,满足,满足,满足,满足,满足,满足,不涉及,,xuge,,,,2026-07-18T21:16:49.798884+00:00,2026-07-29T23:53:59.333090+00:00
rec_miter_saw_arm_assembly_8288f5516faf4febbaccc03d9944b0d1,Miter saw arm assembly,"A basic chop-style miter saw with a rotating table, a pivot arm, and a guarded circular blade. The fixed base carries the miter table and rear arm pivot, and...",是,是,否,new,满足,满足,满足,满足,不满足,不满足,满足,满足,满足,满足,满足,满足,不满足,不涉及,,xuge,,,,2026-07-18T21:34:16.005866+00:00,2026-07-29T23:53:59.333090+00:00
rec_monitor_mount_c10308ed1ba241a9a835032150c14cbb,Monitor mount,"A pole-mounted monitor support with articulated head. A fixed mast clamp carries a first arm, a second arm, and a compact monitor plate, with the head hardwa...",是,否,否,new,满足,满足,满足,满足,满足,满足,满足,满足,满足,满足,满足,满足,满足,不涉及,,xuge,,,,2026-07-18T21:36:44.637875+00:00,2026-07-29T23:53:59.333090+00:00
rec_motherboard_ac0bc30f471c4be99b63ebe38b82c94f,Motherboard,"A gaming motherboard with a primary PCIe slot, memory slots, and a hinged cover over one storage bay. The rigid PCB carries the socket, heatsinks, and connec...",是,是,否,new,满足,满足,满足,满足,满足,不满足,满足,满足,不满足,不满足,不满足,不满足,不满足,不涉及,,xuge,,,,2026-07-18T21:56:44.498510+00:00,2026-07-29T23:53:59.333090+00:00
rec_multisegment_foldout_arm_a92a2161f4a14f91bbc68c61a0030cee,Multi-segment fold-out arm,"An under-slung multi-segment fold-out arm. A top support bracket carries the first link below it, and the remaining links hang in sequence to a small platfor...",是,是,否,new,满足,满足,满足,满足,满足,满足,满足,满足,满足,满足,满足,不满足,满足,不涉及,,xuge,,,,2026-07-18T21:58:36.004947+00:00,2026-07-29T23:53:59.333090+00:00
rec_observation_wheel_dd40e6e7f3ef428b9610b1c37791682a,Observation wheel,An observation wheel with twin rim rings and cabins suspended between the rims on short hanger brackets. The wheel is supported by side legs and a central ax...,是,是,否,new,满足,满足,满足,满足,满足,满足,满足,满足,满足,满足,满足,不满足,满足,不涉及,,xuge,,,,2026-07-18T22:01:46.037771+00:00,2026-07-29T23:53:59.333090+00:00
rec_office_chair_0004,Office chair,"A mesh-backed office chair with a five-wheel base and a simple tilt mechanism. The seat sits above a central pedestal, the back frame rises from the rear bra...",是,是,否,new,不满足,满足,满足,满足,满足,不满足,满足,满足,不满足,不满足,满足,不满足,不满足,不涉及,,xuge,,,,2026-07-18T22:04:56.977132+00:00,2026-07-29T23:53:59.333090+00:00
rec_offsetaxis_rotary_stack_119aa50c93b346fd9d4da7d7b4dd87db,Offset-axis rotary stack,"An edge-arm offset rotary stack. A grounded lower platform carries a stiff side arm, and the side arm supports a smaller upper rotary stage on a parallel off...",是,否,否,new,满足,满足,满足,满足,满足,满足,满足,满足,满足,满足,满足,满足,满足,不涉及,,xuge,,,,2026-07-18T22:27:12.436772+00:00,2026-07-29T23:53:59.333090+00:00
rec_opposed_twinslide_gripper_9d176d921adf4aafb3e3f085c7f12113,Opposed twin-slide gripper,An opposed twin-slide gripper. A grounded center body carries left and right guideways with mirrored jaw carriages and simple jaw fingers facing a common pic...,是,是,否,new,满足,满足,满足,满足,满足,满足,满足,满足,满足,满足,满足,不满足,满足,不涉及,,xuge,,,,2026-07-18T22:28:59.501603+00:00,2026-07-29T23:53:59.333090+00:00
rec_orchestra_style_music_stand_7f2ddfaf4b5041c8a464d6ea39fcc498,Orchestra Style Music Stand,"A perforated rehearsal music stand with a flat plate base, a telescoping post, and a shallow punched-metal desk with two small page clips along the top edge....",是,否,否,new,满足,满足,满足,满足,满足,满足,满足,满足,满足,满足,满足,满足,满足,不涉及,,xuge,,,,2026-07-18T22:33:33.436353+00:00,2026-07-29T23:53:59.333090+00:00
rec_orthogonal_xy_stage_dd803112f5e4499aaec517af3dde49c3,Orthogonal XY stage,"A box-rail XY cross stage. A grounded lower rail carries a rectangular X carriage, and the X carriage carries a short Y slide with a plain platform. The X an...",是,是,否,new,满足,满足,满足,满足,满足,满足,满足,满足,满足,满足,满足,不满足,满足,不涉及,,xuge,,,,2026-07-18T22:46:55.351408+00:00,2026-07-29T23:53:59.333090+00:00
rec_orthogonal_xz_stage_5c243c5f45ec4b35b5256bff57f02333,Orthogonal XZ stage,A bench positioning axis with a low horizontal base slide carrying an upright column and a small head pad at the top of that column. The contrast between the...,是,是,否,new,满足,满足,满足,满足,满足,满足,满足,满足,满足,满足,满足,不满足,满足,不涉及,,xuge,,,,2026-07-18T22:49:07.711913+00:00,2026-07-29T23:53:59.333090+00:00
rec_orthogonal_yz_stage_4b2deeac85504b1dab8613a416ceaf54,Orthogonal YZ stage,"An orthogonal YZ stage. A grounded back frame carries a horizontal Y slide, and the Y carriage supports a vertical Z slide with a small hanging tool plate. T...",是,是,否,new,满足,满足,满足,满足,满足,满足,满足,满足,满足,满足,满足,不满足,满足,不涉及,,xuge,,,,2026-07-18T22:50:42.190138+00:00,2026-07-29T23:53:59.333090+00:00
rec_overear_headphones_with_folding_earcups_ebed1456c8c74662a55bc197c5af48ae,Over-ear headphones with folding earcups,"A pair of over-ear headphones with a padded headband and two circular earcups. Each earcup is carried by a short yoke at the end of a headband arm, and each...",是,是,否,new,满足,满足,满足,满足,满足,满足,满足,满足,满足,满足,满足,满足,不满足,不涉及,,xuge,,,,2026-07-18T22:53:01.446050+00:00,2026-07-29T23:53:59.333090+00:00
rec_overbed_table_9fed447735de49a7bef507a48629e224,Overbed table,"A hospital overbed table with a C-shaped rolling base, a single telescoping column, a rectangular tray top, and a squeeze-release lever under the front edge,...",是,是,否,new,满足,满足,满足,满足,不满足,不满足,满足,满足,满足,满足,满足,不满足,满足,不涉及,,xuge,,,,2026-07-19T00:45:03.895928+00:00,2026-07-29T23:53:59.333090+00:00
rec_overshot_waterwheel_34ab721ae08a4072bcdd7ecbce39bf4b,Overshot waterwheel,"An overshot waterwheel with a side-mounted drive pinion on the same axle. The large bucketed wheel sits between support blocks, and a smaller gear wheel is f...",是,是,否,new,满足,满足,满足,满足,满足,不满足,满足,满足,满足,满足,满足,不满足,满足,不涉及,,xuge,,,,2026-07-19T00:48:36.376705+00:00,2026-07-29T23:53:59.333090+00:00
rec_padlock_with_shackle_0aba20660cd54e8bb7fd699150ac6c9b,Padlock with shackle,"A classic keyed padlock with a rectangular body and a U-shaped shackle. One shackle leg is captive in the body as the pivot side, the other is the release si...",是,是,否,new,满足,满足,满足,满足,满足,满足,满足,满足,满足,满足,满足,不满足,满足,不涉及,,xuge,,,,2026-07-19T01:04:49.347461+00:00,2026-07-29T23:53:59.333090+00:00
rec_palm_with_multiple_uncoupled_finger_chains_1226e6e9dfae4933be79bf3c52dd3627,Palm with multiple uncoupled finger chains,A mechanical palm plate with three forward finger chains and one side thumb chain for a simple gripper hand. The palm is a flat plate with separate knuckle m...,是,是,否,new,满足,满足,满足,满足,满足,不满足,满足,满足,满足,满足,满足,满足,不满足,不涉及,,xuge,,,,2026-07-19T01:10:46.644664+00:00,2026-07-29T23:53:59.333090+00:00
rec_air_pump_with_t_handle_bb8a3ad3760a48bbbbb2f6a2d5f5f34a,Air pump with T-handle,"A bicycle track pump with a steel barrel, a broad T-handle, a round pressure gauge near the base, and a hose parked against the body, plus a small pressure-r...",是,是,否,new,满足,满足,满足,满足,不满足,不满足,满足,满足,满足,满足,满足,不满足,满足,满足,,wanglin,,,,2026-07-19T14:48:41.390553+00:00,2026-07-29T23:53:59.333090+00:00
rec_air_purifier_with_filter_door_78b8ba69a3644700953d6de891fe0e85,Air purifier with filter door,A small bedside personal air purifier with a round cylindrical tower housing and a twist-off top cap for filter access. The top cap rotates as a revolute joi...,是,是,否,new,满足,满足,不满足,满足,满足,不满足,满足,满足,满足,满足,满足,不满足,满足,满足,,wanglin,,,,2026-07-19T14:52:10.722593+00:00,2026-07-29T23:53:59.333090+00:00
rec_all_in_one_printer_with_scanner_lid_and_paper_tray_401e9042a65b4e4c84b3193175918b05,All-in-one printer with scanner lid and paper tray,"A tall all-in-one printer with an automatic document feeder lid, a front paper cassette, a side service door, and a tilting front touchscreen panel surrounde...",是,是,否,new,满足,满足,满足,满足,满足,不满足,满足,满足,满足,满足,满足,满足,满足,满足,,wanglin,,,,2026-07-19T14:54:06.636621+00:00,2026-07-29T23:53:59.333090+00:00
rec_arcade_machine_47acfa133aff429f826dc960ef847b9a,Arcade Machine,"A two-player upright arcade machine with a broad control deck, a central monitor bay, and a lower service hatch below the coin slots. The service hatch rotat...",是,否,否,new,满足,满足,满足,满足,满足,满足,满足,满足,满足,满足,满足,满足,满足,满足,,wanglin,missing_part; invalid_axis_or_range; missing_dynamics,新版原始标注（覆盖旧版前350条）,该 Record ID 同时出现在旧版前350条和新版235条中，最终采用新版原始细粒度标注。旧版与新版的 Viewer 是否失败结论不一致。,2026-07-19T14:56:59.454560+00:00,2026-07-29T23:53:59.333090+00:00
rec_create-a-simple-office-desk-lamp-with-a-weighted_20260426_043517_753346_bec61660,Articulated task lamp,"Create a simple office desk lamp with a weighted base, lower arm, upper arm, and tilting lamp head. Use clear hinge joints at the base and elbow, keep the ge...",是,否,否,new,满足,满足,满足,满足,满足,满足,不涉及,满足,满足,满足,满足,满足,满足,满足,,wanglin,,,,2026-07-19T14:58:14.324750+00:00,2026-07-29T23:53:59.333090+00:00
rec_astronomical_telescope_on_tripod_b6c43a69e11e4854bf06422f113d9b7d,Astronomical telescope on tripod,A video astronomy tracking telescope with a short fat imaging Newtonian on a motorized single-arm alt-az mount. The telescope tube clamps in a vixen saddle o...,是,否,否,new,满足,满足,满足,满足,满足,满足,满足,满足,满足,满足,满足,满足,满足,满足,,wanglin,,,,2026-07-19T14:59:44.294403+00:00,2026-07-29T23:53:59.333090+00:00
rec_create-a-realistic-articulated-3d-model-of-an-at_20260318_172037_db400e0e,ATV quad bike,"Create a realistic articulated 3D model of an ATV (quad bike) with four wheels, front steering, handlebars, seat, footrests, suspension, frame, fenders, and...",是,是,否,new,满足,满足,不满足,满足,满足,不满足,满足,不满足,满足,满足,满足,满足,满足,满足,,wanglin,,新版原始标注（覆盖旧版前350条）,该 Record ID 同时出现在旧版前350条和新版235条中，最终采用新版原始细粒度标注。旧版与新版的 Viewer 是否失败结论不一致。,2026-07-19T15:00:38.622325+00:00,2026-07-29T23:53:59.333090+00:00
rec_barrier_gate_fae73e3eb6984a6a8b3e62ca0a47679a,Barrier gate,"A realistic, highly detailed barrier gate with a solid base housing, long gate arm, and visible control hardware. The gate arm articulates naturally, and the...",是,否,否,new,满足,满足,满足,满足,满足,满足,满足,满足,满足,满足,满足,满足,满足,满足,,wanglin,,,,2026-07-19T15:01:25.898815+00:00,2026-07-29T23:53:59.333090+00:00
rec_panini_press_with_clamshell_lid_1e6c986dda874fd6a176cd1becc0658d,Panini press with clamshell lid,"A family-size panini grill with a wide rectangular base, a thick insulated clamshell lid, and a latch tab at the front lip. The lid rotates open on a rear ho...",是,是,否,new,满足,满足,满足,满足,满足,满足,满足,满足,满足,满足,满足,满足,不满足,不涉及,,xuge,,,,2026-07-19T15:09:23.153817+00:00,2026-07-29T23:53:59.333090+00:00
rec_paper_cutter_guillotine_0003,Paper cutter guillotine,"A heavy office paper cutter with a long straight blade arm and a rectangular base. The base carries a printed alignment bed and a fixed side fence, while the...",是,否,否,new,满足,满足,满足,满足,满足,满足,满足,满足,满足,满足,满足,满足,满足,满足,,xuge,,,,2026-07-19T15:13:43.164548+00:00,2026-07-29T23:53:59.333090+00:00
rec_bell_tower_with_swinging_bell_2f0ad6cf7c17417ab1291268aa663643,Bell tower with swinging bell,"A timber-frame bell cote with two raked upright posts meeting at a gabled apex, a bronze bell hanging from an arched yoke on a revolute joint at the apex rid...",是,否,否,new,满足,满足,满足,满足,满足,满足,满足,满足,满足,满足,满足,满足,满足,满足,,wanglin,,,,2026-07-19T15:15:54.291380+00:00,2026-07-29T23:53:59.333090+00:00
rec_bench_vise_with_prismatic_jaw_0002,Bench vise with prismatic jaw,"A traditional woodworking leg vise with a wide flat screw-threaded face jaw pivoting outward from a guide pin at the bottom, an iron parallel guide rod runni...",是,是,否,new,不满足,满足,满足,满足,满足,满足,满足,满足,满足,满足,满足,满足,满足,满足,,wanglin,,,,2026-07-19T15:17:09.597918+00:00,2026-07-29T23:53:59.333090+00:00
rec_paper_shredder_with_pullout_bin_257c3a6bda134b71a21b4f3fdebb6e88,Paper shredder with pullout bin,"A compact paper shredder with a boxy upper head, a translucent pullout bin, and a front panel carrying a rotary mode knob beside three distinct buttons. The...",是,是,否,new,满足,满足,满足,满足,满足,满足,满足,满足,满足,满足,满足,不满足,满足,不涉及,,xuge,,,,2026-07-19T15:17:34.266660+00:00,2026-07-29T23:53:59.333090+00:00
rec_benchtop_monocular_laboratory_microscope_660cc8661bc54d2daf770dafb4efe269,Benchtop Monocular Laboratory Microscope,"A metal-bodied monocular microscope with a deep base, an upright arm, a revolving objective nosepiece, and a rectangular slide stage with two guide controls,...",是,是,否,new,不满足,满足,不满足,满足,满足,不满足,满足,不满足,满足,满足,满足,不满足,满足,满足,,wanglin,,,,2026-07-19T15:18:24.672156+00:00,2026-07-29T23:53:59.333090+00:00
rec_parabolic_dish_on_azimuth_elevation_mount_7f8512f01f3c4faf96101c5b596b1cf0,Parabolic dish on azimuth-elevation mount,"A survey dish on a triangular base with a side tilt bracket. The reflector is fixed to a back frame carried between two side arms, and the side arms stand on...",是,否,否,new,满足,满足,满足,满足,满足,满足,满足,满足,满足,满足,满足,满足,满足,不涉及,,xuge,,,,2026-07-19T15:18:48.824594+00:00,2026-07-29T23:53:59.333090+00:00
rec_bicycle_crankset_and_pedal_assembly_815cd8c51ee342719a051869fe2b7325,Bicycle crankset and pedal assembly,"An e-bike torque-sensing crankset with a wide cylindrical bottom-bracket shell, two crank arms on the spindle ends, and a large chainring. The spindle and bo...",是,否,否,new,满足,满足,满足,满足,满足,满足,满足,满足,满足,满足,满足,满足,满足,满足,,wanglin,,,,2026-07-19T15:19:20.184727+00:00,2026-07-29T23:53:59.333090+00:00
rec_pedal_trash_bin_with_hinged_lid_a93ca13b041f421b997abaf1fd4728ec,Pedal trash bin with hinged lid,"A slim bathroom step bin with a narrow body, a gently domed lid, and a low front pedal, plus a small inner-bucket handle visible below the lid line. the prop...",是,是,否,new,满足,满足,满足,满足,满足,满足,满足,满足,满足,满足,满足,不满足,不满足,不涉及,,xuge,,,,2026-07-19T15:23:19.168285+00:00,2026-07-29T23:53:59.333090+00:00
rec_bicycle_dropper_seatpost_assembly_286c921428ff433786e22f9ea5de2ed4,Bicycle dropper seatpost assembly,"A hydraulic dropper seatpost with a wide-diameter round outer tube clamped by a seat-tube binder ring, an inner hydraulic post extending on a prismatic joint...",是,是,否,new,满足,满足,不满足,满足,满足,不满足,满足,满足,满足,满足,满足,满足,满足,满足,,wanglin,,,,2026-07-19T15:23:34.396411+00:00,2026-07-29T23:53:59.333090+00:00
rec_bicycle_fork_and_handlebar_assembly_8cd0ec4d04fa466085adc8318c629061,Bicycle fork and handlebar assembly,A track bike fork with a round carbon steerer and a set of deep-drop track handlebars on a quill stem. The quill stem inserts into the steerer on a prismatic...,是,否,否,new,满足,满足,满足,满足,满足,满足,满足,满足,满足,满足,满足,满足,满足,满足,,wanglin,,,,2026-07-19T15:24:12.409118+00:00,2026-07-29T23:53:59.333090+00:00
rec_binoculars_fc9fc306c6f8437683635fccb0369257,Binoculars,"A compact 8x21 theatre binocular with two slim objective barrel housings joined on a central revolute hinge, a center focus knob on a revolute joint at the b...",是,否,否,new,满足,满足,满足,满足,满足,满足,满足,满足,满足,满足,满足,满足,满足,满足,,wanglin,,,,2026-07-19T15:25:19.374997+00:00,2026-07-29T23:53:59.333090+00:00
rec_blender_204882f3c5ab4e2f94f686d71135c901,Blender,A wide-mouth soup blender with a tall wide cylindrical jug on a round base. The jug locks on the base with a revolute twist mount. A hinged pour spout lid on...,是,否,否,new,满足,满足,满足,满足,满足,满足,满足,满足,满足,满足,满足,满足,满足,满足,,wanglin,,,,2026-07-19T15:29:33.542893+00:00,2026-07-29T23:53:59.333090+00:00
rec_blimp_bfaae9ad267842f88c15e275a1effa76,Blimp,"A sightseeing blimp with a streamlined main envelope, a long passenger cabin, and one propeller pod mounted on each side near the cabin, plus vectoring engin...",是,是,否,new,不满足,满足,不满足,满足,满足,不满足,满足,不满足,满足,满足,满足,不满足,满足,满足,,wanglin,,,,2026-07-19T15:30:33.558270+00:00,2026-07-29T23:53:59.333090+00:00
rec_box_fan_with_control_knob_a60c8de280fe4b0bb9ede3d809e01398,Box fan with control knob,A desk personal box fan with a round housing on a horizontal tilt stand. The housing rotates continuously about its vertical axis for oscillation. The housin...,是,否,否,new,满足,满足,满足,满足,满足,满足,满足,满足,满足,满足,满足,满足,满足,满足,,wanglin,,,,2026-07-19T15:31:17.023696+00:00,2026-07-29T23:53:59.333090+00:00
rec_branching_tree_with_three_independent_rotary_branches_54f3f9b9686e443e9d7f91f87d923b6e,Branching tree with three independent rotary branches,"A tower-mounted three-branch rotary stand. A heavy base and short tower carry three radial arms on separate collars, with each arm kept as a single rigid mem...",是,否,否,new,满足,满足,满足,满足,满足,满足,满足,满足,满足,满足,满足,满足,满足,满足,,wanglin,,,,2026-07-19T15:31:48.000837+00:00,2026-07-29T23:53:59.333090+00:00
rec_pet_door_flap_1693957a58a54981a2599a6d29d61717,Pet door flap,"A cat flap assembly with a rectangular frame, a rigid swinging flap, and a four-way selector dial. The flap hangs from the top edge inside the frame hood, an...",是,是,否,new,满足,满足,满足,满足,满足,满足,满足,满足,满足,满足,不满足,满足,不满足,不涉及,,xuge,,,,2026-07-19T15:33:16.506060+00:00,2026-07-29T23:53:59.333090+00:00
rec_branching_tree_with_two_independent_rotary_branches_0b2bb69a478c46ea9ef4516c12cfebe9,Branching tree with two independent rotary branches,"A rack-style two-branch rotary tree. A grounded upright spine carries two branch modules on separate side saddles, with each branch ending in a different sim...",是,否,否,new,满足,满足,满足,满足,满足,满足,满足,满足,满足,满足,满足,满足,满足,满足,,wanglin,,,,2026-07-19T15:34:24.378392+00:00,2026-07-29T23:53:59.333090+00:00
rec_bread_maker_with_hinged_lid_baf7860b9f9341038baba7e8a7e88687,Bread maker with hinged lid,"A stainless bread maker with a glass lid, a small ingredient trap door in the lid, and a front control bank carrying two dials plus a start button. The lid r...",是,是,否,new,满足,满足,不满足,满足,满足,不满足,满足,满足,满足,满足,满足,不满足,满足,满足,,wanglin,,,,2026-07-19T15:36:07.097512+00:00,2026-07-29T23:53:59.333090+00:00
rec_camcorder_with_flipout_screen_c0e525a2c15c48f2a7d03c53f846c765,Camcorder with flip-out screen,"A home-video camcorder with a compact body, a hand strap, a flip-out side screen, and a front zoom lens, plus three small front-side buttons below the screen...",是,否,否,new,满足,满足,满足,满足,满足,满足,满足,满足,满足,满足,满足,满足,满足,满足,,wanglin,,,,2026-07-19T15:38:03.105830+00:00,2026-07-29T23:53:59.333090+00:00
rec_camera_flash_5429b662e9ab4e3eae11495d646eb94d,Camera flash,"A full-size speedlight with a deep battery housing, a tall neck, and a wide flash head with rounded side cheeks, plus a rear control panel with several raise...",是,否,否,new,满足,满足,满足,满足,满足,满足,满足,满足,满足,满足,满足,满足,满足,满足,,wanglin,,,,2026-07-19T15:38:41.217966+00:00,2026-07-29T23:53:59.333090+00:00
rec_camera_lens_dd553009d50644f5bcd7680b4fb9359e,Camera Lens,"A super-telephoto prime lens with a long alloy barrel on a detachable rotating collar foot, the collar spinning on a continuous revolute joint at the barrel...",是,否,否,new,满足,满足,满足,满足,满足,满足,满足,满足,满足,满足,满足,满足,满足,满足,,wanglin,,,,2026-07-19T15:39:37.972877+00:00,2026-07-29T23:53:59.333090+00:00
rec_candy_vending_machine_2fdcbef7f78046d2af39c8ca76a20d2b,Candy Vending Machine,A twin-globe candy vendor with two clear round bowls mounted side by side above a shared metal base and a central collection cup. Each bowl has its own dispe...,是,是,否,new,不满足,满足,不满足,满足,满足,不满足,满足,满足,满足,满足,满足,不满足,满足,满足,,wanglin,missing_dynamics,新版原始标注（覆盖旧版前350条）,该 Record ID 同时出现在旧版前350条和新版235条中，最终采用新版原始细粒度标注。旧版与新版的 Viewer 是否失败结论一致。,2026-07-19T15:41:42.156601+00:00,2026-07-29T23:53:59.333090+00:00
rec_pickup_tailgate_582a2730148b4460a669993d7cb46042,Pickup tailgate,A side-swing pickup tailgate with a spare-tire cutout and a latch lever. The gate panel is mounted to one rear bed corner on vertical hinges and closes again...,是,是,否,new,满足,满足,满足,满足,满足,不满足,满足,满足,满足,满足,满足,不满足,满足,不涉及,,xuge,,,,2026-07-19T15:41:45.441940+00:00,2026-07-29T23:53:59.333090+00:00
rec_cannon_d801d8f6a3e2406cbac4a0e44f9491a6,Cannon,"A Civil War 3-inch ordnance rifle with a wrought-iron barrel on trunnion revolute joints in a two-wheel oak trail carriage, iron-spoked wheels on revolute ax...",是,否,否,new,满足,满足,满足,满足,满足,满足,满足,满足,满足,满足,满足,满足,满足,满足,,wanglin,missing_dynamics,新版原始标注（覆盖旧版前350条）,该 Record ID 同时出现在旧版前350条和新版235条中，最终采用新版原始细粒度标注。旧版与新版的 Viewer 是否失败结论不一致。,2026-07-19T15:42:17.341175+00:00,2026-07-29T23:53:59.333090+00:00
rec_pitchroll_module_29486c0109ee4731a8c5da571935dac6,Pitch-roll module,A compact wrist pitch-roll head. A grounded pitch yoke carries a short roll cartridge ending in a simple output flange. The module uses one pitch revolute jo...,是,是,否,new,满足,满足,满足,满足,满足,满足,满足,满足,满足,满足,满足,满足,不满足,不涉及,,xuge,,,,2026-07-19T15:46:10.943003+00:00,2026-07-29T23:53:59.333090+00:00
rec_car_axles_45dcd3c4572841a58f4821eb59c66511,Car Axles,"A torque-tube rear axle with a tubular torque tube enclosing the propshaft, a banjo-type differential housing at the rear end, and two outer wheel hubs spinn...",是,是,否,new,不满足,满足,不满足,满足,不满足,满足,满足,满足,满足,满足,满足,满足,满足,满足,,wanglin,,,,2026-07-19T15:47:20.638092+00:00,2026-07-29T23:53:59.333090+00:00
rec_cantilever_articulated_arm_0c46128c7eda409b9d37704d9aea8000,Cantilever articulated arm,"A floor-pedestal service arm with a heavy root column, an offset shoulder yoke, a long upper link, a shorter forearm, and a compact circular tool flange. The...",是,否,否,new,满足,满足,满足,满足,满足,满足,满足,满足,满足,满足,满足,满足,满足,满足,,wanglin,,,,2026-07-19T15:48:57.956185+00:00,2026-07-29T23:53:59.333090+00:00
rec_folding_arm_chain_2ec0062097f349ebb312519b42559372,Planar revolute chain,A folding support arm like the linkage on a task light or small gate stay. A base bracket carries three flat bar links in series and ends in a small attachme...,是,是,否,new,满足,满足,满足,满足,满足,满足,满足,满足,不满足,满足,不满足,不满足,不满足,不涉及,,xuge,,,,2026-07-19T15:49:20.896646+00:00,2026-07-29T23:53:59.333090+00:00
rec_car_sunroof_cassette_5e93bd43c901479e9b17b631c068a884,Car sunroof cassette,A pop-up ventilation sunroof cassette with a rectangular aluminium frame and a glass panel that tilts upward at the rear edge on a horizontal revolute hinge...,是,是,否,new,满足,满足,不满足,满足,满足,满足,满足,满足,满足,满足,满足,不满足,满足,满足,,wanglin,,,,2026-07-19T15:50:13.885076+00:00,2026-07-29T23:53:59.333090+00:00
rec_cash_register_a90a3eb4ec5a49c79034bac363111f2a,Cash register,"A compact point-of-sale register with a rectangular drawer base, an angled control pod, and a rear operator screen on a swivel mount, plus a bank of menu key...",是,是,否,new,满足,满足,满足,不满足,满足,满足,满足,满足,满足,不满足,不满足,满足,满足,满足,,wanglin,,,,2026-07-19T15:51:17.389059+00:00,2026-07-29T23:53:59.333090+00:00
rec_casino_machine_a70993399d1b41d890e8589c17466b88,Casino Machine,"A tall reel-style slot machine with a curved top box, a central reel window, a front button shelf, and a lower service door. The button shelf projects from t...",是,是,否,new,满足,满足,不满足,满足,满足,满足,满足,满足,满足,不满足,不满足,满足,满足,满足,,wanglin,,,,2026-07-19T15:52:07.594858+00:00,2026-07-29T23:53:59.333090+00:00
rec_cctv_mast_with_pantilt_camera_head_b990e786a2b543dca45f4d72c3333682,CCTV mast with pan-tilt camera head,A street light pole CCTV mount with a round tapered pole and a side camera arm bracket at the pole top. The arm revolves on a revolute joint at the pole top...,是,否,否,new,满足,满足,满足,满足,满足,满足,满足,满足,满足,满足,满足,满足,满足,满足,,wanglin,,,,2026-07-19T15:53:18.773580+00:00,2026-07-29T23:53:59.333090+00:00
rec_ceiling_fan_a743cb8b7b834f689d8e18995b53306a,Ceiling fan,"A four-blade contemporary ceiling fan with a low-profile disc motor housing flush to the ceiling canopy, four angular aluminium blades on a central revolute...",是,是,否,new,满足,满足,满足,满足,不满足,满足,满足,满足,满足,满足,满足,满足,不满足,满足,,wanglin,,,,2026-07-19T15:54:27.479599+00:00,2026-07-29T23:53:59.333090+00:00
rec_platform_cart_f0253c23dff14404946824f5c864e518,Platform cart,"A flatbed platform cart with a folding push handle and four swivel casters. The rectangular deck rides on a caster at each corner, and the push handle is hin...",是,是,否,new,满足,满足,满足,满足,满足,满足,满足,满足,满足,满足,满足,不满足,满足,不涉及,,xuge,,,,2026-07-19T15:54:30.285678+00:00,2026-07-29T23:53:59.333090+00:00
rec_ceiling_light_fixture_9750b79a4168470bb851ba575b04f46f,Ceiling light fixture,"An art deco sun-ray ceiling fixture with a wide round backplate, twelve fixed ray arms radiating outward, and a central dome. All ray arms are fixed to the b...",是,否,否,new,满足,满足,满足,满足,满足,满足,满足,满足,满足,满足,满足,满足,满足,满足,,wanglin,reversed_parent_child,新版原始标注（覆盖旧版前350条）,该 Record ID 同时出现在旧版前350条和新版235条中，最终采用新版原始细粒度标注。旧版与新版的 Viewer 是否失败结论不一致。,2026-07-19T15:55:11.651854+00:00,2026-07-29T23:53:59.333090+00:00
rec_centrifugal_juicer_with_articulated_components_8cf981d5e9bd4079bfcaa4a2e5ace079,Centrifugal juicer with articulated components,"A stainless steel juicer with a deep base, a clear upper chamber, and a tall feed pusher centered over the basket housing. Two short side clamps rotate up to...",是,是,否,new,满足,满足,不满足,满足,不满足,不满足,满足,不满足,满足,满足,满足,不满足,满足,满足,,wanglin,,,,2026-07-19T15:56:21.863466+00:00,2026-07-29T23:53:59.333090+00:00
rec_chest_freezer_with_hinged_lid_bc3ba2bac3944a079450b99fe4399266,Chest freezer with hinged lid,"A glass-top display chest freezer with a wide rectangular body, a heavy glass panel lid on two full-width piano-hinge revolute joints at the rear body edge,...",是,是,否,new,满足,满足,不满足,满足,满足,满足,满足,满足,满足,满足,满足,不满足,满足,满足,,wanglin,,,,2026-07-19T15:57:48.689670+00:00,2026-07-29T23:53:59.333090+00:00
rec_clamp_meter_with_hinged_jaw_and_rotary_selector_10a8334a34854481976c0cd262a086cb,Clamp meter with hinged jaw and rotary selector,"A handheld clamp meter with a C-shaped measuring jaw at the top, a pistol-grip body, a central rotary selector, a rear tilt stand, and three front buttons be...",是,是,否,new,满足,满足,不满足,满足,满足,不满足,满足,满足,满足,满足,满足,不满足,满足,满足,,wanglin,,,,2026-07-19T15:58:54.944827+00:00,2026-07-29T23:53:59.333090+00:00
rec_clock_tower_with_rotating_hour_and_minute_hands_968d8049735d4321a7e4f3f71a3cdf37,Clock tower with rotating hour and minute hands,"A medieval astronomical clock tower with a wide square stone shaft, a large ornate clock face panel on the front shaft face with a fixed zodiac ring and an i...",是,否,否,new,满足,满足,满足,满足,满足,满足,满足,满足,满足,满足,满足,满足,满足,满足,,wanglin,,,,2026-07-19T16:09:24.460625+00:00,2026-07-29T23:53:59.333090+00:00
rec_coaxial_rotary_stack_341a4f2efb364eeaa3e028915f01daba,Coaxial rotary stack,A saddle-body coaxial stack. A wide grounded housing supports a large lower rotary stage and smaller upper stages that remain visibly separate rigid parts. T...,是,否,否,new,满足,满足,满足,满足,满足,满足,满足,满足,满足,满足,满足,满足,满足,满足,,wanglin,,新版原始标注（覆盖旧版前350条）,该 Record ID 同时出现在旧版前350条和新版235条中，最终采用新版原始细粒度标注。旧版与新版的 Viewer 是否失败结论一致。,2026-07-19T16:10:10.506637+00:00,2026-07-29T23:53:59.333090+00:00
rec_conventional_oven_with_dropdown_door_4cea6d5e07ec40ca9cbb7c01e00f658b,Conventional oven with drop-down door,An industrial tunnel oven with a long rectangular housing on legs and a wide front sliding door panel. The sliding door panel moves prismatically sideways on...,是,是,否,new,满足,满足,不满足,满足,满足,满足,满足,满足,满足,满足,满足,不满足,满足,满足,,wanglin,,,,2026-07-19T16:13:33.776944+00:00,2026-07-29T23:53:59.333090+00:00
rec_dehumidifier_with_pullout_water_bucket_312d967e71354260abe1684325361221,Dehumidifier with pullout water bucket,"A modern dehumidifier with a softly radiused shell, a pullout water tank, a fold-flat top carry handle, and a front interface with a ring dial surrounded by...",是,是,否,new,满足,满足,不满足,满足,满足,满足,满足,满足,满足,满足,满足,满足,满足,满足,,wanglin,,,,2026-07-19T16:14:23.004008+00:00,2026-07-29T23:53:59.333090+00:00
rec_crane_tower_53dc44fe6d1d4508a02f72b488355aa8,Crane tower,"A derrick mast crane with a round central vertical mast, a single diagonal boom, and a slewing base ring. The boom pivots on a revolute luff joint at the mas...",是,否,否,new,满足,满足,满足,满足,满足,满足,满足,满足,满足,满足,满足,满足,满足,满足,,wanglin,,,,2026-07-19T16:15:03.972679+00:00,2026-07-29T23:53:59.333090+00:00
rec_desk_with_drawer_04cc1a88d9734b57abdeb511f0e2867e,Desk with drawer,"A writing desk with a rectangular top, four straight legs, and one shallow center drawer below the front edge. The drawer slides prismatically on straight in...",是,否,否,new,满足,满足,满足,满足,满足,满足,满足,满足,满足,满足,满足,满足,满足,满足,,wanglin,,,,2026-07-19T16:15:36.423805+00:00,2026-07-29T23:53:59.333090+00:00
rec_desktop_hole_punch_with_articulated_components_f6f546bf3704454184bc3169d6ff48dd,Desktop hole punch with articulated components,"A long-reach office hole punch with an extended base, a tall lever handle, and a side locking latch near the rear hinge line. A removable chip drawer is hous...",是,是,否,new,不满足,满足,不满足,满足,满足,不满足,满足,满足,满足,满足,满足,不满足,满足,满足,,wanglin,unreasonable_prompt,新版原始标注（覆盖旧版前350条）,该 Record ID 同时出现在旧版前350条和新版235条中，最终采用新版原始细粒度标注。旧版与新版的 Viewer 是否失败结论一致。,2026-07-19T16:16:38.217244+00:00,2026-07-29T23:53:59.333090+00:00
rec_desktop_monitor_with_tilt_swivel_stand_bb30a52345e34061a7b2696f905c4b84,Desktop monitor with tilt swivel stand,"A premium desktop monitor with a thin display shell, a broad stand column, and a heavy base plate, plus a height-adjustable column and a four-way control joy...",是,是,否,new,满足,满足,满足,满足,满足,不满足,满足,满足,满足,满足,满足,满足,满足,满足,,wanglin,,,,2026-07-19T16:17:41.207606+00:00,2026-07-29T23:53:59.333090+00:00
rec_desktop_pc_tower_868df8153b55490a98df90cb3db742ea,Desktop PC tower,"A compact SFF living-room PC case with a slim rectangular body, a hinged top lid, and a front I/O panel that swings open. The top lid opens on two revolute h...",是,是,否,new,满足,满足,不满足,满足,满足,满足,满足,满足,满足,满足,满足,不满足,满足,满足,,wanglin,,,,2026-07-19T16:19:12.831734+00:00,2026-07-29T23:53:59.333090+00:00
rec_desktop_pencil_sharpener_with_hand_crank_and_drawer_660e877c85b14af3826fb2b8108a9b2c,Desktop pencil sharpener with hand crank and drawer,"A cast-metal classroom pencil sharpener with a boxy body, a side hand crank, a front shavings drawer, and a size-selector dial around the pencil port, plus a...",是,是,否,new,满足,满足,不满足,满足,满足,满足,满足,满足,满足,满足,满足,满足,满足,满足,,wanglin,,,,2026-07-19T16:19:56.365749+00:00,2026-07-29T23:53:59.333090+00:00
rec_digital_multimeter_with_tilt_stand_and_rotary_selector_b890f963ac08460c98caee38f1b1f04c,Digital multimeter with tilt stand and rotary selector,"A compact electronics multimeter with a rounded case, a central function dial, a rear stand, and a front control cluster made of two round buttons and two sq...",是,是,否,new,满足,满足,满足,满足,满足,满足,满足,满足,满足,满足,满足,不满足,满足,满足,,wanglin,,,,2026-07-19T16:21:31.758417+00:00,2026-07-29T23:53:59.333090+00:00
rec_dishwasher_with_dropdown_door_and_sliding_racks_9dd15c0aefb940f2acd9fd2596b80ced,Dishwasher with dropdown door and sliding racks,"A stainless underbar glasswasher with a heavy dropdown front door, a lower glass rack, a shallower upper rack, and a short front control pod carrying two roc...",是,是,否,new,满足,满足,满足,满足,满足,不满足,满足,满足,满足,满足,满足,不满足,满足,满足,,wanglin,,,,2026-07-19T16:22:25.046093+00:00,2026-07-29T23:53:59.333090+00:00
rec_display_freezer_with_sliding_glass_lids_0f3d61056a8d4b3fa741ed86a32f8252,Display freezer with sliding glass lids,"A supermarket island display freezer with two framed sliding glass lids over a long insulated tub, plus a temperature-control knob on the end wall. the lid p...",是,否,否,new,满足,满足,满足,满足,满足,满足,满足,满足,满足,满足,满足,满足,满足,满足,,wanglin,,,,2026-07-19T16:23:40.023348+00:00,2026-07-29T23:53:59.333090+00:00
rec_dock_loading_ramp_0004,Dock loading ramp,"A freestanding portable yard ramp with an inclined steel drive surface, two continuous side rails with cross-brace rungs, a horizontal platform at the top, a...",是,是,否,new,满足,满足,满足,满足,满足,不满足,满足,满足,满足,满足,满足,满足,满足,满足,,wanglin,,,,2026-07-19T16:24:45.778092+00:00,2026-07-29T23:53:59.333090+00:00
rec_drawer_cabinet_with_sliding_drawers_34d51b44ab674f52b838d4bc4e126590,Drawer cabinet with sliding drawers,A laboratory specimen drawer cabinet with a tall rectangular body and six shallow drawers. All six drawers slide prismatically on straight internal runners w...,是,否,否,new,满足,满足,满足,满足,满足,满足,满足,满足,满足,满足,满足,满足,满足,满足,,wanglin,,,,2026-07-19T16:25:37.573721+00:00,2026-07-29T23:53:59.333090+00:00
rec_dj_equipment_cd0c5cea60a149199e4c6892c3b22b6d,DJ equipment,"A standalone DJ sampler with a rectangular housing, four large encoder knobs, and a tilting LCD display panel. The LCD panel tilts on a revolute hinge at the...",是,是,否,new,不满足,满足,满足,满足,满足,满足,满足,满足,满足,满足,满足,不满足,满足,满足,,wanglin,,,,2026-07-19T16:26:47.906844+00:00,2026-07-29T23:53:59.333090+00:00
rec_drone_ec15deb1b1234159ad5a153be205291a,Drone,"A delivery drone with a rectangular body, four folding arms, and a retractable payload skid landing gear under the belly. Each arm folds on a revolute hinge....",是,是,否,new,满足,满足,满足,满足,满足,不满足,满足,满足,满足,满足,满足,不满足,满足,满足,,wanglin,,,,2026-07-19T16:27:36.132120+00:00,2026-07-29T23:53:59.333090+00:00
rec_dualcolumn_lift_carriage_4827c6f00e41454e964a805d06eadbe6,Dual-column lift carriage,"A compact twin-post lift module. A heavy foot supports two round posts and an upper tie bar, and a wide moving plate wraps both posts as a single carriage. O...",是,否,否,new,满足,满足,满足,满足,满足,满足,满足,满足,满足,满足,满足,满足,满足,满足,,wanglin,,,,2026-07-19T16:28:04.870710+00:00,2026-07-29T23:53:59.333090+00:00
rec_dualrail_gantry_axis_cf72135ff55849bdb68706bde95c9b4f,Dual-rail gantry axis,"A inspection gantry with center truck. Two base guides support a traveling crossbeam with visible end supports, and the crossbeam carries a compact center tr...",是,是,否,new,满足,满足,满足,满足,满足,满足,满足,满足,满足,满足,满足,不满足,满足,满足,,wanglin,,,,2026-07-19T16:28:39.443211+00:00,2026-07-29T23:53:59.333090+00:00
rec_easel_90fa08f60d56451393756e723fcb66fb,Easel,"A studio H-frame easel with a tall center mast, a sliding lower canvas tray, and a side crank handle for height adjustment. The tray slides prismatically alo...",是,是,否,new,满足,满足,不满足,满足,满足,不满足,满足,满足,满足,满足,满足,不满足,满足,满足,,wanglin,,,,2026-07-19T16:29:28.501235+00:00,2026-07-29T23:53:59.333090+00:00
rec_drillpress_tilt_table_0001,Drill-press tilt table,"A realistic, highly detailed drill-press tilt table with a robust mounting structure, flat work surface, and convincing adjustment hardware. The table tilt a...",是,是,否,new,不满足,满足,不满足,满足,满足,不满足,满足,满足,满足,不满足,满足,不满足,满足,满足,,wanglin,,,,2026-07-19T16:30:30.242707+00:00,2026-07-29T23:53:59.333090+00:00
rec_dual_independent_finger_chains_c073d8cdd48844119be58db5e363c1aa,Dual independent finger chains,A compact parallel finger study assembly. A central palm plate carries two articulated fingers with distinct root knuckles and tapered outer links so each ch...,是,否,否,new,满足,满足,满足,满足,满足,满足,满足,满足,满足,满足,满足,满足,满足,满足,,wanglin,,,,2026-07-19T16:31:05.351116+00:00,2026-07-29T23:53:59.333090+00:00
rec_electrical_cabinet_door_5c93513f9fd14694ac2eca6a39c6a4fd,Electrical cabinet door,"A relay protection panel with a tall narrow steel cabinet and a hinged front door on the left edge on two revolute hinge knuckles, with an inner hinged instr...",是,否,否,new,满足,满足,满足,满足,满足,满足,满足,满足,满足,满足,满足,满足,满足,满足,,wanglin,,,,2026-07-19T16:31:56.156981+00:00,2026-07-29T23:53:59.333090+00:00
rec_playground_swing_047a11bb1e57408da9c79dff933d188a,Playground swing,A strap swing with a top swivel block and a simple seat. The seat hangs from two rigid side links connected through a small rotating block at the beam. The s...,是,是,否,new,满足,满足,满足,满足,满足,不满足,满足,满足,满足,满足,满足,不满足,满足,不涉及,,xuge,,,,2026-07-19T16:41:31.407695+00:00,2026-07-29T23:53:59.333090+00:00
rec_espresso_machine_with_articulated_components_a152d49b8cdf44c6b7c5a0339882290c,Espresso machine with articulated components,"A polished espresso machine with a front group head, a steam wand, and a side-hinged door concealing a removable water tank inside the body shell. A rotary s...",是,是,否,new,满足,满足,满足,满足,满足,不满足,满足,满足,满足,满足,满足,不满足,满足,满足,,wanglin,missing_dynamics,新版原始标注（覆盖旧版前350条）,该 Record ID 同时出现在旧版前350条和新版235条中，最终采用新版原始细粒度标注。旧版与新版的 Viewer 是否失败结论一致。,2026-07-19T16:41:41.760401+00:00,2026-07-29T23:53:59.333090+00:00
rec_portable_speaker_with_articulated_controls_fe597177e08a44c085dcd62edc066e93,Portable speaker with articulated controls,"A trolley-style portable speaker with a tall body, a telescoping pull handle, and a small control deck with separate buttons at the top front, plus three sep...",是,否,否,new,满足,满足,满足,满足,满足,满足,满足,满足,满足,满足,满足,满足,满足,不涉及,,xuge,,,,2026-07-19T16:43:40.925749+00:00,2026-07-29T23:53:59.333090+00:00
rec_portal_gantry_with_vertical_slide_3d4e459ade564c90b97f1bee988a1f18,Portal gantry with vertical slide,"A wide inspection portal with box-section legs, a rigid crossbeam, a central shuttle under the beam, and a narrow vertical tool carriage below the shuttle. T...",是,是,否,new,满足,满足,满足,满足,满足,满足,满足,满足,满足,满足,满足,不满足,满足,不涉及,,xuge,,,,2026-07-19T16:45:14.422047+00:00,2026-07-29T23:53:59.333090+00:00
rec_prismaticrevolute_chain_f2db7a9a3cd74ad69fed4bf64d6c9722,Prismatic-revolute chain,A drawer-like shuttle with a side-mounted pivot block and a small inspection paddle at the end of a short link. The sliding base and the hinged link should h...,是,是,否,new,满足,满足,满足,满足,满足,满足,满足,满足,满足,满足,满足,不满足,满足,不涉及,,xuge,,,,2026-07-19T16:46:23.028093+00:00,2026-07-29T23:53:59.333090+00:00
rec_prismaticrevoluteprismatic_chain_0001,Prismatic-revolute-prismatic chain,"A cartesian-fed linkage with a base slider, center revolute joint, and distal prismatic tool slide, designed as a clean industrial CAD mechanism.",是,是,否,new,满足,满足,满足,满足,满足,不满足,满足,满足,满足,满足,满足,不满足,不满足,不涉及,,xuge,,,,2026-07-19T16:47:51.064362+00:00,2026-07-29T23:53:59.333090+00:00
rec_prismaticrevoluterevolute_chain_0056a5bf8de84f7bb87f75b397f6bcb9,Prismatic-revolute-revolute chain,A compact service carriage with elbow linkage. A grounded guide supports one moving carriage that carries a shoulder link and a shorter outer link. The carri...,是,是,否,new,满足,满足,满足,满足,满足,满足,满足,满足,满足,满足,满足,不满足,不满足,不涉及,,xuge,,,,2026-07-19T16:49:42.366462+00:00,2026-07-29T23:53:59.333090+00:00
rec_pump_bottle_0002,Pump bottle,"A soap dispenser pump bottle. A cylindrical bottle body supports a threaded neck with a pump collar, a vertical plunger stem, and a short spout head at the t...",是,否,否,new,满足,满足,满足,满足,满足,满足,满足,满足,满足,满足,满足,满足,满足,不涉及,,xuge,,,,2026-07-19T16:51:01.759502+00:00,2026-07-29T23:53:59.333090+00:00
rec_pushpull_plunger_chain_557c15d705e24b36a71f07c6d93eb154,Push-pull plunger chain,"A chained plunger mechanism using aligned prismatic elements, cylindrical sleeves, and rigid mounting brackets in a clean CAD assembly.",是,是,否,new,满足,满足,满足,满足,满足,满足,满足,满足,满足,满足,满足,满足,不满足,不涉及,,xuge,,,,2026-07-19T16:52:17.770528+00:00,2026-07-29T23:53:59.333090+00:00
rec_radial_arm_with_sliding_carriage_5216ef235e324eab9706b73cf08beabc,Radial arm with sliding carriage,"A radial drill-style arm module with a stout vertical column, a horizontal beam swinging around the column, and a carriage saddle traveling along the beam. T...",是,是,否,new,满足,满足,满足,满足,满足,满足,满足,满足,满足,满足,满足,不满足,满足,不涉及,,xuge,,,,2026-07-19T16:53:44.437975+00:00,2026-07-29T23:53:59.333090+00:00
rec_range_hood_with_articulated_controls_0034,Range hood with articulated controls,"A chimney-style kitchen range hood with a broad trapezoidal canopy and a narrow chimney cover. Two large push-buttons occupy the center of the front strip, w...",是,否,否,new,满足,满足,满足,满足,满足,满足,满足,满足,满足,满足,满足,满足,满足,不涉及,,xuge,,,,2026-07-19T16:55:07.640909+00:00,2026-07-29T23:53:59.333090+00:00
rec_refrigerator_with_hinged_doors_effbcb60f4fc4f53bbf0fdcaffbfb5ab,Refrigerator with hinged doors,A compact under-counter refrigerator with a single side-hinged door and a small internal freezer flap. The boxy cabinet has one main outer door and a small f...,是,是,否,new,满足,满足,满足,满足,满足,不满足,满足,满足,满足,满足,满足,不满足,满足,不涉及,,xuge,,,,2026-07-19T16:56:45.046832+00:00,2026-07-29T23:53:59.333090+00:00
rec_remote_8aac71cd322c44d7939791b8290b08cc,Remote,A trackball desktop controller with a wide rectangular housing and a large spherical trackball in a circular socket on the top face. The trackball rotates co...,是,是,否,new,满足,满足,满足,不满足,满足,满足,满足,满足,满足,满足,满足,不满足,不满足,不涉及,,xuge,,,,2026-07-19T17:00:14.671375+00:00,2026-07-29T23:53:59.333090+00:00
rec_remote_weapon_station_ce7bce5646114a1aa85f2f135b6ce755,Remote weapon station,"A compact naval remote station with a rotating pedestal and a side-opening sensor cover. The turret body sits above the pedestal, with the gun mount at the f...",是,是,否,new,满足,满足,满足,满足,满足,不满足,满足,满足,满足,满足,满足,不满足,不满足,不涉及,,xuge,,,,2026-07-19T17:01:42.349526+00:00,2026-07-29T23:53:59.333090+00:00
rec_retractable_bollard_017f704ed5ae444a9cd044c5f9866418,Retractable bollard,"A removable-access bollard with a stout cylindrical post, a recessed sleeve, and a hinged lock cover beside the opening, plus a hinged warning light cover at...",是,是,否,new,满足,满足,满足,满足,满足,满足,满足,满足,满足,不满足,满足,不满足,不满足,不涉及,,xuge,,,,2026-07-19T17:06:00.851774+00:00,2026-07-29T23:53:59.333090+00:00
rec_retractable_utility_knife_e76029f35d794b7297fa43225328e88b,Retractable utility knife,A broad utility knife with a side-mounted blade lock lever. The straight handle surrounds the sliding blade track and carries a short lever near the center....,是,是,否,new,满足,满足,满足,满足,满足,满足,满足,满足,满足,满足,满足,不满足,满足,不涉及,,xuge,,,,2026-07-19T17:07:32.302191+00:00,2026-07-29T23:53:59.333090+00:00
rec_revoluteprismatic_chain_2ac6830e1208470c955580306548cb9e,Revolute-prismatic chain,"A wall-hinged support arm with a short root bracket, a long main link, and a rectangular tip carriage that extends from the link. The motion stack should rea...",是,是,否,new,满足,满足,满足,满足,满足,满足,满足,满足,满足,满足,满足,不满足,满足,不涉及,,xuge,,,,2026-07-19T17:08:19.709892+00:00,2026-07-29T23:53:59.333090+00:00
rec_revoluteprismaticrevolute_chain_4327d00fe26a4d659c5035111744c70d,Revolute-prismatic-revolute chain,"Design a realistic, highly detailed revolute-prismatic-revolute chain as a standalone mechanical study assembly for the sdk_hybrid pipeline, with a rotary jo...",是,是,否,new,满足,满足,满足,满足,满足,满足,满足,满足,满足,满足,满足,不满足,不满足,不涉及,,xuge,,,,2026-07-19T17:11:10.708074+00:00,2026-07-29T23:53:59.333090+00:00
rec_revoluterevoluteprismatic_chain_4b2eba04f0bf4ddcb055c99f1d4e84e1,Revolute-revolute-prismatic chain,"A two-link arm with output slide. A fixed root support carries an upper link and a forelink in series, and the forelink carries a compact end runner. The upp...",是,是,否,new,满足,满足,满足,满足,满足,满足,满足,满足,满足,满足,满足,不满足,满足,不涉及,,xuge,,,,2026-07-19T17:12:08.210252+00:00,2026-07-29T23:53:59.333090+00:00
rec_revolving_door_e2bd801f895f4172bd4ee50dd475eb24,Revolving Door,A security mantrap three-wing revolving door set in a narrow round drum. A central steel post carries three equal rectangular panel wings reaching to the dru...,是,否,否,new,满足,满足,满足,满足,满足,满足,满足,满足,满足,满足,满足,满足,满足,不涉及,,xuge,,,,2026-07-19T17:13:18.741858+00:00,2026-07-29T23:53:59.333090+00:00
rec_rice_cooker_8948516abf6c4d578ee6547bf6312b24,Rice cooker,"A simple rice cooker with a cylindrical body, a domed upper lid, and a small front control panel, plus a single cook-warm selector dial on the front. the bod...",是,是,否,new,满足,满足,满足,不满足,满足,满足,满足,满足,满足,满足,满足,满足,满足,不涉及,,xuge,,,,2026-07-19T17:15:15.716243+00:00,2026-07-29T23:53:59.333090+00:00
rec_ring_light_on_stand_1be845820f444f349cd9d93991d7f725,Ring light on stand,"A studio ring light mounted on a tripod stand. A circular light ring is carried by a small tilt bracket at the top of a vertical telescoping stand, and the s...",是,是,否,new,满足,满足,满足,满足,满足,满足,满足,满足,满足,满足,满足,不满足,不满足,不涉及,,xuge,,,,2026-07-19T17:16:43.994471+00:00,2026-07-29T23:53:59.333090+00:00
rec_robotic_arms_b04b60f1f1cb48e1a9bf2fe03b9da825,Robotic Arms,Create a cost-optimized mass-manufacturable Robotic arms. Base architecture: a base pedestal feeding a shoulder-elbow-wrist chain with clear joint cartridges...,是,是,否,new,满足,满足,满足,满足,满足,满足,满足,满足,满足,满足,不满足,不满足,不满足,不涉及,,xuge,,,,2026-07-19T17:17:50.653064+00:00,2026-07-29T23:53:59.333090+00:00
rec_robotic_leg_b989059ae38e4e7e874c0f480cb85997,Robotic leg,"A robotic leg module for a walking machine. An upper leg housing carries a thigh link, shank link, and compact ankle-foot section. Joints: hip revolute about...",是,是,否,new,满足,满足,满足,满足,满足,不满足,满足,满足,满足,满足,满足,不满足,不满足,不涉及,,xuge,,,,2026-07-19T17:19:49.553080+00:00,2026-07-29T23:53:59.333090+00:00
rec_elevator_b61417793eaa416683a0230851623741,Elevator,An open-cage industrial goods elevator with a wire-mesh cage car on a vertical post tower. The cage slides prismatically along vertical post guide rails. A h...,是,是,否,new,满足,满足,满足,满足,满足,不满足,满足,满足,满足,满足,满足,满足,满足,满足,,wanglin,,,,2026-07-19T17:51:28.199826+00:00,2026-07-29T23:53:59.333090+00:00
rec_extension_ladder_e8bca94e5d6f407489553ed6adeb5777,Extension ladder,"An extension ladder with a fly section, roof hooks at the top, and pivoting lower shoes with wide pads. The fly section slides prismatically within the base...",是,是,否,new,满足,满足,满足,不满足,满足,满足,满足,满足,满足,满足,满足,满足,满足,满足,,wanglin,,,,2026-07-19T17:53:04.275297+00:00,2026-07-29T23:53:59.333090+00:00
rec_faucet_with_side_handle_2802a6ab55ae4d51a68d4f83646111e2,Faucet with side handle,A widespread bathroom faucet with a low-arc spout body and two separate wing handles each on a revolute joint at the deck-mount escutcheon base for independe...,是,是,否,new,满足,满足,满足,不满足,满足,满足,满足,满足,满足,满足,满足,满足,满足,满足,,wanglin,,新版原始标注（覆盖旧版前350条）,该 Record ID 同时出现在旧版前350条和新版235条中，最终采用新版原始细粒度标注。旧版与新版的 Viewer 是否失败结论不一致。,2026-07-19T17:54:12.491458+00:00,2026-07-29T23:53:59.333090+00:00
rec_fidget_toy_cb7de51b43194c69a729ad07fc7297b5,Fidget toy,A magnetic fidget ring set with two concentric rings that can spin relative to each other. The inner ring rotates continuously about the shared central axis....,是,否,否,new,满足,满足,满足,满足,满足,满足,满足,满足,满足,满足,满足,满足,满足,满足,,wanglin,,,,2026-07-19T17:55:10.798565+00:00,2026-07-29T23:53:59.333090+00:00
rec_fingerlike_phalanx_chain_4f7c64ddc97c4e75920f166c8615df5f,Finger-like phalanx chain,"An industrial finger module with a thick root knuckle, a tapered middle link, a short distal link, and a broad pad tip. The links should feel rigid and mecha...",是,否,否,new,满足,满足,满足,满足,满足,满足,满足,满足,满足,满足,满足,满足,满足,满足,,wanglin,,,,2026-07-19T17:55:41.454920+00:00,2026-07-29T23:53:59.333090+00:00
rec_flatbed_scanner_with_hinged_lid_74a2db1034c9495eb2aa749dca96dccd,Flatbed scanner with hinged lid,"A film-strip slide scanner with a narrow rectangular body, a hinged top lid on two barrel revolute hinges at the rear edge, and a slide film holder tray that...",是,是,否,new,满足,满足,不满足,满足,满足,不满足,满足,满足,满足,满足,满足,不满足,满足,满足,,wanglin,,,,2026-07-19T17:56:35.147425+00:00,2026-07-29T23:53:59.333090+00:00
rec_flip_phone_83b0fac634af42e2bd288f59133e70c8,Flip phone,A standard clamshell flip phone with a rounded-rectangle lower keypad body and a matching upper display body joined by a dual-barrel hinge on a revolute join...,是,是,否,new,满足,满足,满足,满足,满足,满足,满足,满足,满足,满足,不满足,满足,满足,满足,,wanglin,,,,2026-07-19T17:57:17.869818+00:00,2026-07-29T23:53:59.333090+00:00
rec_a-classic-occ-bottle-with-articulated-cap_20260321_164200_149541_6af2da87,Flip-top bottle,A classic occ bottle with articulated cap,是,否,否,new,满足,满足,满足,满足,满足,满足,满足,满足,满足,满足,满足,满足,满足,满足,,wanglin,,新版原始标注（覆盖旧版前350条）,该 Record ID 同时出现在旧版前350条和新版235条中，最终采用新版原始细粒度标注。旧版与新版的 Viewer 是否失败结论一致。,2026-07-19T17:57:52.247906+00:00,2026-07-29T23:53:59.333090+00:00
rec_floodlight_mast_with_tilt_head_be7761e8552b4465a942020165887b2c,Floodlight mast with tilt head,A stadium floodlight mast with a tall fixed column and a pan-and-tilt head carrying a wide rectangular lamp array. The lamp array tilts on a horizontal revol...,是,否,否,new,满足,满足,满足,满足,满足,满足,满足,满足,满足,满足,满足,满足,满足,满足,,wanglin,,,,2026-07-19T17:59:00.707388+00:00,2026-07-29T23:53:59.333090+00:00
rec_floor_lamp_0042e687f24e46ecac782b1ca71df7d5,Floor lamp,"A task floor lamp with a heavy rectangular base, a two-link arm, and a rectangular light head with a side button. The lower arm rotates on a hinge at the bas...",是,否,否,new,满足,满足,满足,满足,满足,满足,满足,满足,满足,满足,满足,满足,满足,满足,,wanglin,,,,2026-07-19T17:59:28.648756+00:00,2026-07-29T23:53:59.333090+00:00
rec_floor_standing_drafting_table_50cc7d729b164c619c2eb31e173c47cf,Floor Standing Drafting Table,"A compact floor drafting table with a round base, a telescoping column, and a narrow drawing board with a lower storage shelf. The board rotates on a horizon...",是,是,否,new,满足,满足,满足,满足,满足,满足,满足,满足,满足,满足,满足,不满足,满足,满足,,wanglin,unreasonable_prompt,新版原始标注（覆盖旧版前350条）,该 Record ID 同时出现在旧版前350条和新版235条中，最终采用新版原始细粒度标注。旧版与新版的 Viewer 是否失败结论一致。,2026-07-19T18:00:10.701193+00:00,2026-07-29T23:53:59.333090+00:00
rec_folding_kick_scooter_9fab34102ccf4649ba085fbaf7510638,Folding kick scooter,"A knee scooter mobility aid with a padded knee platform deck, two rear wheels on a rear axle revolute joint, two front wheels in a front fork on a steering r...",是,否,否,new,满足,满足,满足,满足,满足,满足,满足,满足,满足,满足,满足,满足,满足,满足,,wanglin,,,,2026-07-19T18:01:23.441901+00:00,2026-07-29T23:53:59.333090+00:00
rec_food_processor_with_feed_pusher_93611eab85984adba00c40c3934dc26b,Food processor with feed pusher,"A premium food processor with a broad bowl, a tall chute, a small ingredient flap in the lid, and a front panel carrying one selector dial and four program b...",是,是,否,new,满足,满足,满足,满足,不满足,满足,满足,满足,满足,满足,满足,满足,满足,满足,,wanglin,,,,2026-07-19T18:02:38.035416+00:00,2026-07-29T23:53:59.333090+00:00
rec_fourjoint_revolute_chain_6fb1ea74b6c3495b88ee238e387c5e8c,Four-joint revolute chain,A low-profile four-joint revolute chain. A broad mounting plate anchors a flatter set of links with offset knuckles and a compact distal a compact end tab. A...,是,否,否,new,满足,满足,满足,满足,满足,满足,满足,满足,满足,满足,满足,满足,满足,满足,,wanglin,,,,2026-07-19T18:03:11.236223+00:00,2026-07-29T23:53:59.333090+00:00
rec_frontload_dryer_e54137a4376a4f02b74cf7e20056f978,Front-load dryer,"A stacked dryer unit with a slim rectangular body, a drum on a revolute axle, and a circular door with a large glass window hinged on the right edge.",是,是,否,new,满足,满足,满足,满足,满足,满足,满足,满足,满足,满足,满足,不满足,满足,满足,,wanglin,,,,2026-07-19T18:04:45.138552+00:00,2026-07-29T23:53:59.333090+00:00
rec_frontload_washing_machine_1ec54b6712c44a61a27f1cd699e48757,Front-load washing machine,"A pedestal-drawer washing machine combo with a tall white washer body on a matching pedestal drawer unit, the washer porthole door on the left edge on two ba...",是,是,否,new,不满足,满足,不满足,满足,满足,不满足,满足,满足,满足,满足,满足,不满足,满足,满足,,wanglin,,,,2026-07-19T18:05:51.045439+00:00,2026-07-29T23:53:59.333090+00:00
rec_garden_gate_3ffbd3e876a142d2ab5693140093a96a,Garden gate,"A double-leaf courtyard gate with two narrow framed leaves meeting under a shallow arch. Each leaf is hinged to an outer post, and one meeting stile carries...",是,是,否,new,满足,满足,满足,满足,满足,不满足,满足,满足,满足,满足,满足,满足,满足,满足,,wanglin,,,,2026-07-19T18:07:05.081906+00:00,2026-07-29T23:53:59.333090+00:00
rec_glasses_9bb2f7b74f5d40548747d32fd306be52,Glasses,"A pair of rectangular eyeglasses. The front frame has two lens rims joined by a bridge, and each outer corner carries a slender temple arm through a compact...",是,否,否,new,满足,满足,满足,满足,满足,满足,满足,满足,满足,满足,满足,满足,满足,满足,,wanglin,,,,2026-07-19T18:08:50.504117+00:00,2026-07-29T23:53:59.333090+00:00
rec_globe_0002,Globe,"A desktop world globe on a tilted meridian ring and round base. The spherical globe is held between two polar pivots inside the meridian, and the meridian is...",是,是,否,new,满足,满足,满足,满足,满足,不满足,满足,满足,满足,满足,满足,满足,不满足,满足,,wanglin,,,,2026-07-19T18:11:19.662494+00:00,2026-07-29T23:53:59.333090+00:00
rec_gear_assemblies_0001,Gear Assemblies,"A realistic, highly detailed gear assembly with multiple intermeshing gears, sturdy supports, and a clear industrial mechanical character. The gear rotation...",是,否,否,new,满足,满足,满足,满足,满足,满足,满足,满足,满足,满足,满足,满足,满足,满足,,wanglin,,,,2026-07-19T18:12:26.910552+00:00,2026-07-29T23:53:59.333090+00:00
rec_glove_compartment_door_927c892914044efcb1cb608ac19db1b7,Glove compartment door,"A utility truck glove compartment with a top-hinged panel and twin limiter links. The fixed storage bin is boxy and shallow, and the front door is hinged at...",是,是,否,new,满足,满足,满足,不满足,满足,满足,满足,满足,满足,满足,满足,满足,满足,不满足,,wanglin,,,,2026-07-19T18:13:55.964514+00:00,2026-07-29T23:53:59.333090+00:00
rec_grill_with_hinged_lid_0004,Grill with hinged lid,"A barrel-style outdoor grill with a horizontal cooking chamber and a side shelf. The lower half of the barrel is fixed to a cart frame, and the upper half ac...",是,是,否,new,满足,满足,满足,满足,满足,满足,满足,满足,满足,满足,满足,不满足,不满足,满足,,wanglin,missing_dynamics,新版原始标注（覆盖旧版前350条）,该 Record ID 同时出现在旧版前350条和新版235条中，最终采用新版原始细粒度标注。旧版与新版的 Viewer 是否失败结论一致。,2026-07-19T18:15:15.484958+00:00,2026-07-29T23:53:59.333090+00:00
rec_hand_truck_dolly_032c394e20744e9eb49f3c727d1f924b,Hand truck dolly,"An appliance hand truck with a tall frame, strap hooks, and a folding nose plate. The main frame carries two large rear wheels, and the broad lower plate is...",是,否,否,new,满足,满足,满足,满足,满足,满足,满足,满足,满足,满足,满足,满足,满足,满足,,wanglin,,,,2026-07-19T18:15:52.219617+00:00,2026-07-29T23:53:59.333090+00:00
rec_graphics_card_with_cooling_fans_0004,Graphics card with cooling fans,"A large triple-fan graphics card with a rigid backplate and angled outer shroud. The card body is a flat PCB and heatsink slab, with three circular fan openi...",是,是,否,new,不满足,满足,满足,满足,满足,满足,满足,满足,满足,满足,满足,满足,满足,满足,,wanglin,,,,2026-07-19T18:18:02.583047+00:00,2026-07-29T23:53:59.333090+00:00
rec_hingeddoor_cabinet_8c54713a63174926b9050d6f56067432,Hinged-door cabinet,"A small bedside cabinet with one framed door and a flip-out inner tray. The outer case is fixed, the main door is hinged to one side, and the shallow inner t...",是,是,否,new,满足,满足,满足,满足,满足,不满足,满足,满足,满足,满足,满足,不满足,满足,满足,,wanglin,,,,2026-07-19T18:18:47.068821+00:00,2026-07-29T23:53:59.333090+00:00
rec_instrument_case_with_hinged_lid_b9b2c2afa6c9423cbf3bcd5eb64c78d9,Instrument case with hinged lid,A molded equipment case with a deep lower shell and a shallow lid on a full-width rear hinge. The case has front draw latches and a center carry handle on th...,是,是,否,new,满足,满足,不满足,满足,满足,满足,满足,满足,满足,满足,满足,满足,满足,满足,,wanglin,,,,2026-07-19T18:19:34.607292+00:00,2026-07-29T23:53:59.333090+00:00
rec_internet_router_1859bb591ee741fd916ffe2c874cec97,Internet Router,"A flat home router with two fold-out paddle antennas and a small rocker power switch. The main body is a rounded rectangular slab, the antennas mount on shor...",是,是,否,new,满足,满足,满足,满足,满足,满足,满足,满足,满足,满足,满足,不满足,满足,满足,,wanglin,,,,2026-07-19T18:21:31.479166+00:00,2026-07-29T23:53:59.333090+00:00
rec_hinged_window_or_hatch_9fd07951a0b3469f9a8543eea37cae60,Hinged window or hatch,A marine deck hatch with a thick rectangular frame and a slightly raised lid. The lid overlaps the fixed curb frame and has side latch blocks near the front...,是,否,否,new,满足,满足,满足,满足,满足,满足,满足,满足,满足,满足,满足,满足,满足,满足,,wanglin,,,,2026-07-19T18:22:24.830619+00:00,2026-07-29T23:53:59.333090+00:00
rec_jet_engine_e07fdb1f914d4c9ba7d5482e758b9706,Jet Engine,"A regional-airliner turbofan with a broad intake lip and a long smooth nacelle. The engine has a central spinner, a large front fan, and a short exhaust cone...",是,否,否,new,满足,满足,满足,满足,满足,满足,满足,满足,满足,满足,满足,满足,满足,满足,,wanglin,,,,2026-07-19T18:23:10.870607+00:00,2026-07-29T23:53:59.333090+00:00
rec_joystick_mechanism_8638fe862cf5401cae1d223ede8244d4,Joystick mechanism,"A tall pedestal joystick with a rectangular base housing, an open cardan yoke, an inner frame, and a long tapered control lever. The support structure should...",是,是,否,new,满足,满足,满足,满足,满足,满足,满足,满足,满足,满足,满足,满足,不满足,满足,,wanglin,,,,2026-07-19T18:24:15.597751+00:00,2026-07-29T23:53:59.333090+00:00
rec_kick_scooter_ee258e22648e4121b73b17c49ea7a2ac,Kick scooter,"An off-road kick scooter with large pneumatic wheels and a front fork. The long deck is fixed between a steerable front fork and a rear wheel swing bracket,...",是,是,否,new,满足,满足,满足,满足,满足,不满足,满足,满足,满足,满足,满足,满足,满足,不满足,,wanglin,,,,2026-07-19T18:25:02.376473+00:00,2026-07-29T23:53:59.333090+00:00
rec_keyboard_4227b74b61c949d591c6eea8402571f6,Keyboard,"A full-size office keyboard with a main typing block and a numeric keypad. The housing is a broad shallow tray with stepped key rows, and each key sits in it...",是,是,否,new,满足,满足,满足,满足,满足,满足,满足,满足,满足,满足,不满足,满足,满足,满足,,wanglin,,,,2026-07-19T18:25:51.593879+00:00,2026-07-29T23:53:59.333090+00:00
rec_knee_scooter_9b7ef8f8aa2b467c80e56ea70897ec81,Knee scooter,"A medical knee scooter with a padded knee platform and bicycle-style handlebar. A rectangular lower frame carries four small wheels, with the front pair in a...",是,否,否,new,满足,满足,满足,满足,满足,满足,满足,满足,满足,满足,满足,满足,满足,满足,,wanglin,missing_dynamics,新版原始标注（覆盖旧版前350条）,该 Record ID 同时出现在旧版前350条和新版235条中，最终采用新版原始细粒度标注。旧版与新版的 Viewer 是否失败结论不一致。,2026-07-19T18:27:22.574134+00:00,2026-07-29T23:53:59.333090+00:00
rec_laptop_clamshell_d201e66211d4426096f1625b7b4fc1cf,Laptop clamshell,"A rugged laptop with a thick lower chassis and a reinforced display housing. The base carries a keyboard and a large clickpad, and the screen panel is joined...",是,是,否,new,满足,满足,满足,满足,满足,满足,满足,满足,满足,满足,不满足,满足,满足,满足,,wanglin,,,,2026-07-19T18:27:58.223487+00:00,2026-07-29T23:53:59.333090+00:00
rec_laptop_stand_with_articulated_height_adjustment_b267c14e3d6843369265f89dd005d51c,Laptop stand with articulated height adjustment,"A cantilever laptop stand with a heavy desk base, one articulated side arm rising from the rear corner, and a single rigid tray carried over the center of th...",是,是,否,new,满足,满足,满足,不满足,满足,不满足,满足,满足,满足,满足,满足,满足,不满足,满足,,wanglin,unreasonable_prompt,新版原始标注（覆盖旧版前350条）,该 Record ID 同时出现在旧版前350条和新版235条中，最终采用新版原始细粒度标注。旧版与新版的 Viewer 是否失败结论一致。,2026-07-19T18:29:31.938656+00:00,2026-07-29T23:53:59.333090+00:00
rec_lazy_susan_efcb4237eb1c4f96a46d0b370cf1dcb5,Lazy Susan,"A two-tier lazy Susan with a fixed central post and two separate rotating shelves. Each circular shelf is carried by its own bearing collar around the post,...",是,否,否,new,满足,满足,满足,满足,满足,满足,满足,满足,满足,满足,满足,满足,满足,满足,,wanglin,,,,2026-07-19T18:30:02.227179+00:00,2026-07-29T23:53:59.333090+00:00
rec_rolling_toolbox_with_telescoping_handle_142154fd9b9044eeadad2e03184e1ee8,Rolling toolbox with telescoping handle,"A stackable rolling toolbox base with a large lower bin, a telescoping handle, and two side latches securing the lid, plus two side latch levers. the lid and...",是,是,否,new,满足,满足,满足,满足,满足,不满足,满足,满足,满足,满足,不满足,不满足,满足,不涉及,,xuge,,,,2026-07-20T18:00:10.460458+00:00,2026-07-29T23:53:59.333090+00:00
rec_rolling_walker_9aca713b09a646a596f53b05fdc08ca3,Rolling walker,"A four-leg rolling walker with hand grips and front casters. Two side frames are tied by crossbars, with front caster forks and a rear support pair under the...",是,是,否,new,满足,满足,满足,满足,满足,不满足,满足,满足,满足,满足,满足,不满足,满足,不涉及,,xuge,,,,2026-07-20T18:01:38.170034+00:00,2026-07-29T23:53:59.333090+00:00
rec_roof_vent_tower_with_hinged_flap_47e9a8236bf1404d86d2b6cbe7a4db88,Roof vent tower with hinged flap,Model Roof vent tower with hinged flap as an industrial safety-first variant for heavy duty cycles. Start from a vent tower with framed openings and a weathe...,是,是,否,new,满足,满足,满足,满足,满足,满足,满足,满足,满足,满足,满足,满足,不满足,不涉及,,xuge,,,,2026-07-20T18:03:35.733560+00:00,2026-07-29T23:53:59.333090+00:00
rec_rotary_base_with_vertical_slide_0258ad10eb7b434fadc225de646ee890,Rotary base with vertical slide,"A low-profile rotary platform with lifting head. A squat turntable supports a short tower, and the tower carries a narrow slide stage ending in a square pad....",是,是,否,new,满足,满足,满足,满足,满足,满足,满足,满足,满足,满足,满足,不满足,满足,不涉及,,xuge,,,,2026-07-20T18:04:34.808139+00:00,2026-07-29T23:53:59.333090+00:00
rec_rotary_table_with_tilting_trunnion_7ab48c94590045bf94ac6aebe6e13cd9,Rotary table with tilting trunnion,"A compact cradle indexer with a circular lower stage, an offset support frame, and a round faceplate carried in the frame. The upper faceplate should feel li...",是,否,否,new,满足,满足,满足,满足,满足,满足,满足,满足,满足,满足,满足,满足,满足,不涉及,,xuge,,,,2026-07-20T18:06:26.895975+00:00,2026-07-29T23:53:59.333090+00:00
rec_rotating_observatory_dome_fea4ae109f11450dbb054dc400d19903,Rotating observatory dome,"An observatory dome with a rotating shell and a slit shutter. A base ring supports the dome shell, and a single shutter leaf closes the slit opening near the...",是,是,否,new,满足,满足,满足,满足,满足,满足,满足,满足,满足,满足,满足,不满足,满足,不涉及,,xuge,,,,2026-07-20T18:08:53.268469+00:00,2026-07-29T23:53:59.333090+00:00
rec_screwcap_bottle_94b9b87d519a40aa99f27da59d944824,Screw-cap bottle,"A screw-cap bottle. A bottle body rises to a threaded neck, capped by a separate screw closure. Joints: the cap rotates continuously about the bottle neck ax...",是,是,否,new,满足,满足,满足,满足,满足,满足,满足,满足,不满足,满足,满足,不满足,满足,不涉及,,xuge,,,,2026-07-20T18:11:25.372265+00:00,2026-07-29T23:53:59.333090+00:00
rec_screwin_light_bulb_with_socket_0006,Screw-in light bulb with socket,"A realistic, highly detailed Screwin Light Bulb With Socket in a rugged utility variant, with a bulb envelope, threaded metal screw base, and a socket collar...",是,是,否,new,满足,满足,满足,满足,满足,满足,满足,满足,不满足,满足,满足,不满足,满足,不涉及,,xuge,,,,2026-07-20T18:12:54.498665+00:00,2026-07-29T23:53:59.333090+00:00
rec_searchlight_tower_0005,Searchlight tower,"A realistic, highly detailed Searchlight Tower in a refined premium variant, with a rigid tower mast, service platform details, and a spotlight head mounted...",是,否,否,new,满足,满足,满足,满足,满足,满足,满足,满足,满足,满足,满足,满足,满足,不涉及,,xuge,,,,2026-07-20T18:14:42.029474+00:00,2026-07-29T23:53:59.333090+00:00
rec_serial_elbow_arm_dfee8ddd003d4de1b9f8f7eba24f5351,Serial elbow arm,"A compact serial elbow arm with a grounded shoulder housing, a straight upper link, a broad elbow hub, and a short forearm ending in a rectangular pad. The t...",是,是,否,new,满足,满足,满足,满足,满足,满足,满足,满足,满足,满足,不满足,不满足,满足,不涉及,,xuge,,,,2026-07-20T18:15:38.756764+00:00,2026-07-29T23:53:59.333090+00:00
rec_service_access_panel_0007,Service access panel,"A realistic, highly detailed Service Access Panel in a refined premium variant, with a rigid enclosure face, framed service opening, and latch-ready panel ed...",是,是,否,new,满足,满足,满足,满足,满足,不满足,满足,满足,满足,满足,满足,不满足,不满足,不涉及,,xuge,,,,2026-07-20T18:17:55.543776+00:00,2026-07-29T23:53:59.333090+00:00
rec_sewing_box_with_simple_hinged_lid_f32d66552a9f4899a5f23f4c727a4b23,Sewing box with simple hinged lid,Create a cost-optimized mass-manufacturable Sewing box with simple hinged lid. Base architecture: a storage box body with a simple rear-hinged lid. Reduce pa...,是,是,否,new,满足,满足,满足,满足,满足,不满足,满足,满足,满足,满足,满足,满足,不满足,不涉及,,xuge,,,,2026-07-20T18:19:02.228143+00:00,2026-07-29T23:53:59.333090+00:00
rec_shoulderelbowwrist_arm_0002,Shoulder-elbow-wrist arm,"A lightweight articulated arm featuring a rotary shoulder, rotary elbow, and single wrist joint, modeled as a clean CAD mechanism.",是,是,否,new,满足,满足,满足,满足,满足,不满足,满足,满足,满足,满足,满足,不满足,不满足,不涉及,,xuge,,,,2026-07-20T18:19:57.437533+00:00,2026-07-29T23:53:59.333090+00:00
rec_simple_aframe_step_ladder_b5d0355811f1461da333653e479b275f,Simple A-frame step ladder,"A folding A-frame step ladder. A front climbing frame and a rear support frame meet at a top cap, with wide treads on the front frame. Joints: the rear frame...",是,是,否,new,满足,满足,满足,满足,满足,不满足,满足,满足,满足,满足,满足,不满足,不满足,不涉及,,xuge,,,,2026-07-20T18:20:54.595270+00:00,2026-07-29T23:53:59.333090+00:00
rec_simple_drying_rack_bf797b728956438db65768dca56ec9fd,Simple drying rack,A fold-out drying rack with side wings. A central rack frame carries two wing frames and a lower support frame with hanging rails across the spans. Joints: e...,是,否,否,new,满足,满足,满足,满足,满足,满足,满足,满足,满足,满足,满足,满足,满足,不涉及,,xuge,,,,2026-07-20T18:22:16.238113+00:00,2026-07-29T23:53:59.333090+00:00
rec_simple_ironing_board_0c59eca7dcc44990a857d1bbc8f42082,Simple ironing board,"An ironing board with a folding leg trestle. A board top mounts on a base bracket, with one U-shaped leg frame under the middle and a small fixed rest at one...",是,是,否,new,满足,满足,满足,满足,满足,满足,满足,满足,满足,满足,满足,满足,不满足,不涉及,,xuge,,,,2026-07-20T18:24:20.239965+00:00,2026-07-29T23:53:59.333090+00:00
rec_single_continuous_rotary_shaft_59d8c5bbf2d54ef3a2510a03c05477b5,Single continuous rotary shaft,A pedestal spindle shaft module. A grounded pedestal frame supports a horizontal spindle through two spaced supports and a plain end flange. The spindle is a...,是,是,否,new,满足,满足,满足,满足,满足,满足,满足,满足,满足,满足,满足,不满足,满足,不涉及,,xuge,,,,2026-07-20T18:24:55.494743+00:00,2026-07-29T23:53:59.333090+00:00
rec_single_pitch_axis_module_ecd1ca29074f4c46b21ef051ac3a41df,Single pitch axis module,"A motorized tilt cradle with one clean revolute axis, compact support tower, and a balanced equipment plate.",是,是,否,new,满足,满足,满足,满足,满足,满足,满足,满足,满足,满足,满足,不满足,满足,不涉及,,xuge,,,,2026-07-20T18:25:41.209071+00:00,2026-07-29T23:53:59.333090+00:00
rec_single_prismatic_slider_f44777bd887041f9b1175a02ffb7fbc2,Single prismatic slider,A single desk drawer sliding straight out of a minimal rectangular desk carcass on one prismatic axis.,是,是,否,new,满足,满足,满足,满足,满足,满足,满足,满足,满足,满足,满足,不满足,满足,不涉及,,xuge,,,,2026-07-20T18:26:21.768208+00:00,2026-07-29T23:53:59.333090+00:00
rec_single_revolute_hinge_6c6ea65bf4b54f5cb8735c5cd4d4c57d,Single revolute hinge,"An offset inspection hatch hinge with a short mounting leaf, a taller moving leaf, and a spacer-like barrel that keeps the leaves apart. The hinge geometry s...",是,是,否,new,满足,满足,满足,满足,满足,不满足,满足,满足,满足,满足,满足,不满足,不满足,不涉及,,xuge,,,,2026-07-20T18:27:05.188572+00:00,2026-07-29T23:53:59.333090+00:00
rec_single_roll_axis_module_ee87b8d94add4b9eb7a987334d7f1762,Single roll axis module,"An under-slung roll-axis spindle module. A top support bracket carries the moving member below it, creating a different silhouette while keeping the same sin...",是,是,否,new,满足,满足,满足,满足,满足,不满足,满足,满足,满足,满足,满足,不满足,满足,不涉及,,xuge,,,,2026-07-20T18:28:08.408831+00:00,2026-07-29T23:53:59.333090+00:00
rec_single_yaw_axis_module_82d7179b727d453796431dbf471c26c4,Single yaw axis module,"A pedestal-mounted rotary stage with a round lower housing, a shallow upper platform, and a short equipment bracket fixed to the rotating platform. The lower...",是,是,否,new,满足,满足,满足,满足,满足,满足,满足,满足,满足,满足,满足,不满足,满足,不涉及,,xuge,,,,2026-07-20T18:29:32.410834+00:00,2026-07-29T23:53:59.333090+00:00
rec_singleleaf_drawbridge_b800c64ef1104598b4321f2f3710dba6,Single-leaf drawbridge,A single-leaf drawbridge. A fixed shore frame carries one bridge leaf on heavy side bearings. Joints: the bridge leaf is a single revolute panel about a hori...,是,否,否,new,满足,满足,满足,满足,满足,满足,满足,满足,满足,满足,满足,满足,满足,不涉及,,xuge,,,,2026-07-20T18:30:43.908047+00:00,2026-07-29T23:53:59.333090+00:00
rec_single_rotor_helicopter_90637aef635c4429a1f1b432e4449e0a,Single-rotor helicopter,"An offshore transport helicopter with a long fuselage, wheeled landing gear, a five-blade main rotor on a tall mast, and a tail boom with a tail rotor on the...",是,是,否,new,满足,满足,满足,满足,满足,不满足,满足,满足,满足,不满足,满足,不满足,不满足,不涉及,,xuge,,,,2026-07-20T18:33:06.475723+00:00,2026-07-29T23:53:59.333090+00:00
rec_skateboard_746de8d78d9a4747ad202ec9810657f0,Skateboard,"A realistic, highly detailed Skateboard in a rugged utility variant, with a deck body, front and rear truck assemblies, wheel axles, and realistic bushing an...",是,否,否,new,满足,满足,满足,满足,满足,满足,满足,满足,满足,满足,满足,满足,满足,不涉及,,xuge,,,,2026-07-20T18:35:43.345863+00:00,2026-07-29T23:53:59.333090+00:00
rec_sliding_security_gate_3fcc2702a2f04b15a8411fbf88bbdea4,Sliding security gate,A sliding security gate. A fixed post and frame support one gate leaf captured by a top track or bottom guide. Joints: the gate leaf translates prismatically...,是,是,否,new,满足,满足,满足,满足,满足,满足,满足,满足,满足,满足,满足,不满足,满足,不涉及,,xuge,,,,2026-07-20T18:36:51.818631+00:00,2026-07-29T23:53:59.333090+00:00
rec_sliding_window_c51ac9b522314daca90da5e06b4ad099,Sliding window,A single-sash sliding window. A rectangular outer frame contains one fixed frame segment and one sliding sash. Joints: the sash translates prismatically alon...,是,是,否,new,满足,满足,满足,满足,满足,满足,满足,满足,满足,满足,满足,不满足,满足,不涉及,,xuge,,,,2026-07-20T18:37:49.248269+00:00,2026-07-29T23:53:59.333090+00:00
rec_sluice_gate_with_vertical_lift_panel_cf3dbfa37dd34b61a5ef4b7ec6a3c351,Sluice gate with vertical lift panel,"A water-control gate with a wide rectangular opening, a sliding steel panel held between side tracks, and a geared handwheel unit on the top bridge. The stee...",是,是,否,new,满足,满足,满足,满足,满足,满足,满足,满足,满足,满足,满足,不满足,不满足,不涉及,,xuge,,,,2026-07-20T18:39:22.707915+00:00,2026-07-29T23:53:59.333090+00:00
rec_stand_mixer_c0fa93459fd4468598e818696b301b96,Stand Mixer,"A retro home baking stand mixer with a compact cast-metal base, a stainless bowl carried just ahead of the neck, and a bulbous head fitted with a flat beater...",是,是,否,new,满足,满足,满足,满足,满足,不满足,满足,满足,满足,满足,满足,不满足,不满足,不涉及,,xuge,,,,2026-07-20T18:41:09.304587+00:00,2026-07-29T23:53:59.333090+00:00
rec_standing_desk_with_synchronous_telescoping_legs_and_articulated_controls_d43770cbf42f4ce39500228286fc5614,Standing desk with synchronous telescoping legs and articulated controls,A four-leg conference standing desk with a broad rectangular top and a side-mounted control knob. The rigid top spans a heavy underframe over four telescopin...,是,是,否,new,满足,满足,满足,满足,满足,满足,满足,满足,满足,满足,满足,不满足,满足,不满足,,xuge,,,,2026-07-20T18:42:04.379983+00:00,2026-07-29T23:53:59.333090+00:00
rec_stationary_exercise_bike_0004,Stationary exercise bike,"A realistic, highly detailed Stationary Exercise Bike in a refined premium variant, with a stable frame, crank and flywheel housing, saddle support, and beli...",是,否,否,new,满足,满足,满足,满足,满足,满足,满足,满足,满足,满足,满足,满足,满足,不涉及,,xuge,,,,2026-07-20T18:43:07.558756+00:00,2026-07-29T23:53:59.333090+00:00
rec_stick_vacuum_with_folding_joint_b32ad193f54f4902b6582ab3bc8ac901,Stick vacuum with folding joint,"A stick vacuum with a folding wand. A motor body connects to a straight wand and a floor head, with the fold joint placed between the body and the wand. Join...",是,是,否,new,满足,满足,满足,满足,满足,不满足,满足,满足,满足,满足,满足,不满足,不满足,不涉及,,xuge,,,,2026-07-20T18:44:19.632420+00:00,2026-07-29T23:53:59.333090+00:00
rec_stove_top_0025,Stove top,A flat gas cooktop with four burners mounted in a thin counter slab and no base body under it. Five small round push-buttons form a shallow V shape across th...,是,是,否,new,满足,满足,满足,满足,满足,满足,满足,满足,满足,满足,满足,不满足,满足,不涉及,,xuge,,,,2026-07-20T18:45:10.528300+00:00,2026-07-29T23:53:59.333090+00:00
rec_studio_spotlight_on_yoke_beda30bc15f3485ab275dd670aca71d3,Studio spotlight on yoke,"A studio spotlight on a yoke stand. A stand carries a U-shaped yoke, and the lamp can sits between the yoke arms. Joints: the yoke pans on a vertical revolut...",是,否,否,new,满足,满足,满足,满足,满足,满足,满足,满足,满足,满足,满足,满足,满足,不涉及,,xuge,,,,2026-07-20T18:46:01.069751+00:00,2026-07-29T23:53:59.333090+00:00
rec_swivel_bar_stool_f4fe2d5bfd374b929d470fab67fcc788,Swivel bar stool,"A pedestal swivel bar stool with a round base, a central post, and a circular seat. The seat rotates continuously about the vertical pedestal axis. Bar seati...",是,是,否,new,满足,满足,满足,满足,满足,满足,满足,满足,满足,满足,满足,不满足,满足,不涉及,,xuge,,,,2026-07-20T18:46:49.564536+00:00,2026-07-29T23:53:59.333090+00:00
rec_syringe_20ecea2800f243d984a62a3555955804,Syringe,"Produce an outdoor weatherproof Syringe. Use sealed interfaces, drip-aware overhangs, corrosion-resistant hardware, and protected joints, anchored on a gradu...",是,否,否,new,满足,满足,满足,满足,满足,满足,满足,满足,满足,满足,满足,满足,满足,不涉及,,xuge,,,,2026-07-20T18:47:32.463269+00:00,2026-07-29T23:53:59.333090+00:00
rec_tackle_box_with_simple_hinged_lid_87b236b1175c40e194c3060d848b8e87,Tackle box with simple hinged lid,"A tackle box with a plain hinged lid. A rectangular box body supports one lid panel along the rear edge, with internal tray details kept fixed inside the bod...",是,是,否,new,满足,满足,满足,满足,满足,不满足,满足,满足,满足,满足,满足,不满足,不满足,不涉及,,xuge,,,,2026-07-20T18:48:08.383149+00:00,2026-07-29T23:53:59.333090+00:00
rec_telescoping_boom_73c354e91fd74e1c8f4d08af5836cb4d,Telescoping boom,A low-profile rectangular telescoping boom. A broad root housing supports nested rectangular tubes sized so the outer stage remains visually dominant even wh...,是,是,否,new,满足,满足,满足,满足,满足,不满足,满足,满足,满足,满足,满足,不满足,不满足,不涉及,,xuge,,,,2026-07-20T18:49:15.850872+00:00,2026-07-29T23:53:59.333090+00:00
rec_telescoping_mast_with_pan_head_a298d025d0d5404285b334d8ed08fbc5,Telescoping mast with pan head,A side-wall mast with rotating top stage. A grounded side support carries nested upright members and a compact top rotary cartridge. The upright members use...,是,是,否,new,满足,满足,满足,满足,满足,满足,满足,满足,满足,满足,满足,不满足,满足,不涉及,,xuge,,,,2026-07-20T18:50:02.060999+00:00,2026-07-29T23:53:59.333090+00:00
rec_threejoint_prismatic_chain_286431f5e03a4b33b7072ec8f2bf62d4,Three-joint prismatic chain,An under-slung three-stage slide. A top support carries three nested sliders hanging beneath it in a clear root-to-tip chain. The nested stages are three ser...,是,是,否,new,满足,满足,满足,满足,满足,不满足,满足,满足,满足,满足,满足,不满足,满足,不涉及,,xuge,,,,2026-07-20T18:50:37.750450+00:00,2026-07-29T23:53:59.333090+00:00
rec_a-benchtop-monocular-laboratory-microscope-a-hea_20260331_230942_552800_6c80d18c,Benchtop Monocular Laboratory Microscope,"A benchtop monocular laboratory microscope. A heavy base supports a vertical column and fixed specimen stage, with an optical body carriage riding on the col...",否,,,old,满足,满足,满足,,,,满足,满足,,满足,满足,不满足,,,,wanglin,missing_dynamics,旧版350转换（有失败记录）,missing_dynamics 按旧标准语义映射到可信实体连接或支撑结构。,2026-07-29T23:53:59.333090+00:00,2026-07-30T00:13:11.652819+00:00
rec_a-casino-slot-machine-with-a-tall-cabinet-a-fron_20260401_024859_195918_39764297,Casino Machine,"A casino slot machine with a tall cabinet, a front reel window, a coin tray, and a large pull handle mounted on one side.",否,,,old,满足,不满足,不满足,,,,满足,满足,,满足,满足,满足,,,,wanglin,missing_part,旧版350转换（有失败记录）,missing_part → 零件数量和种类、必要结构均标为不满足。,2026-07-29T23:53:59.333090+00:00,2026-07-30T00:13:11.652819+00:00
rec_a-casino-slot-machine-with-a-tall-cabinet-a-fron_20260401_030831_141551_df669af7,Casino Machine,"A casino slot machine with a tall cabinet, a front reel window, a coin tray, and a large pull handle mounted on one side.",否,,,old,满足,满足,满足,,,,满足,满足,,满足,满足,满足,,,,,,旧版350转换（无失败记录）,该案例位于旧版前350条清单中，但旧版失败记录表没有此 Record ID；因此按旧版判定为无失败。仅旧版覆盖的维度写为“满足”，新版新增维度保留“未核验”。,2026-07-29T23:53:59.333090+00:00,2026-07-30T00:13:11.652819+00:00
rec_adjustable_weight_bench_with_hinged_backrest_a21d33f135c34b81b1ae32b9cdcdebb0,Adjustable weight bench with hinged backrest,"A flat-incline utility bench with a rectangular base, a hinged backrest, a smaller seat pad, and a rear ladder support, plus a pop-pin angle selector under t...",否,,,old,满足,满足,满足,,,,满足,满足,,满足,满足,不满足,,,,wanglin,missing_dynamics,旧版350转换（有失败记录）,missing_dynamics 按旧标准语义映射到可信实体连接或支撑结构。,2026-07-29T23:53:59.333090+00:00,2026-07-30T00:13:11.652819+00:00
rec_adjustable_weight_bench_with_hinged_backrest_ac226be3f7e643cea38ac6e89be5fb8a,Adjustable weight bench with hinged backrest,"A folding adjustable weight bench with a low tubular frame, a split backrest and seat pad, a rear support link, and front transport wheels, plus a foot-rolle...",否,,,old,满足,满足,满足,,,,满足,满足,,满足,满足,不满足,,,,wanglin,missing_dynamics,旧版350转换（有失败记录）,missing_dynamics 按旧标准语义映射到可信实体连接或支撑结构。,2026-07-29T23:53:59.333090+00:00,2026-07-30T00:13:11.652819+00:00
rec_adjustable_weight_bench_with_hinged_backrest_e70294c2acff425e9256328eefb31c21,Adjustable weight bench with hinged backrest,"An adjustable decline bench with a long back pad, an articulated seat, and a front leg-roller assembly, plus a front carry handle between the wheels. the fra...",否,,,old,满足,满足,满足,,,,满足,满足,,满足,满足,满足,,,,,,旧版350转换（无失败记录）,该案例位于旧版前350条清单中，但旧版失败记录表没有此 Record ID；因此按旧版判定为无失败。仅旧版覆盖的维度写为“满足”，新版新增维度保留“未核验”。,2026-07-29T23:53:59.333090+00:00,2026-07-30T00:13:11.652819+00:00
rec_air_conditioning_machine_40c7dd54ff9d4a15b80df53c88d03820,Air conditioning machine,"A low wall-console air conditioning machine with a shallow front body, a top discharge opening, and a pull-out filter drawer behind the front intake grille....",否,,,old,满足,满足,满足,,,,满足,满足,,满足,满足,不满足,,,,wanglin,missing_dynamics,旧版350转换（有失败记录）,missing_dynamics 按旧标准语义映射到可信实体连接或支撑结构。,2026-07-29T23:53:59.333090+00:00,2026-07-30T00:13:11.652819+00:00
rec_air_fryer_with_pullout_basket_c916f2034c4241e7a4f5e21f1b3e2550,Air fryer with pullout basket,"A basket-style air fryer with a rounded main housing, a pullout drawer, a perforated inner fry basket, and a top control panel with two rotary dials plus two...",否,,,old,满足,满足,满足,,,,满足,满足,,,,满足,,,,wanglin,invalid_axis_or_range,旧版350转换（有失败记录）,invalid_axis_or_range 无法区分轴向和范围，两个字段均标为待复核。,2026-07-29T23:53:59.333090+00:00,2026-07-30T00:13:11.652819+00:00
rec_air_pump_with_t_handle_59b4bcad3e694d50bbf796937bd3cde9,Air pump with T-handle,"A garage floor pump with a tall barrel, a T-handle, and a side hose clip. The rigid base carries the cylinder upright, and a small hook-like clip is mounted...",否,,,old,满足,满足,满足,,,,满足,满足,,满足,满足,满足,,,,wanglin,unreasonable_prompt,旧版350转换（有失败记录）,unreasonable_prompt 在新版中没有直接对应字段，仅保留旧标签和 Viewer 失败结论。,2026-07-29T23:53:59.333090+00:00,2026-07-30T00:13:11.652819+00:00
rec_air_pump_with_t_handle_a7b0cd104883452ca43f7c9b34286db6,Air pump with T-handle,"A dual-head floor pump with a tall barrel, a T-handle, a low gauge, and a clamping valve head at the hose end, plus a folding handle grip around the top bar....",否,,,old,满足,满足,满足,,,,满足,满足,,满足,满足,满足,,,,,,旧版350转换（无失败记录）,该案例位于旧版前350条清单中，但旧版失败记录表没有此 Record ID；因此按旧版判定为无失败。仅旧版覆盖的维度写为“满足”，新版新增维度保留“未核验”。,2026-07-29T23:53:59.333090+00:00,2026-07-30T00:13:11.652819+00:00
rec_air_pump_with_t_handle_e8da4b31a9314391aa0f7dd65013359f,Air pump with T-handle,"A service-station pump with a tubular barrel, a straight T-handle, and a side-mounted gauge housing above the foot pads, plus a folding handle grip around th...",否,,,old,不满足,满足,满足,,,,满足,不满足,,满足,满足,满足,,,,wanglin,missing_articulation,旧版350转换（有失败记录）,missing_articulation → 零件拆分与活动属性、对应运动学关节均标为不满足。,2026-07-29T23:53:59.333090+00:00,2026-07-30T00:13:11.652819+00:00
rec_air_purifier_with_filter_door_32e6cf9db5124716b9e4eea99251fa47,Air purifier with filter door,"An industrial portable air scrubber with a tall boxy rectangular housing on casters, a front access door on the lower half, and a four-stage filter stack ins...",否,,,old,满足,满足,满足,,,,满足,满足,,满足,满足,满足,,,,,,旧版350转换（无失败记录）,该案例位于旧版前350条清单中，但旧版失败记录表没有此 Record ID；因此按旧版判定为无失败。仅旧版覆盖的维度写为“满足”，新版新增维度保留“未核验”。,2026-07-29T23:53:59.333090+00:00,2026-07-30T00:13:11.652819+00:00
rec_air_purifier_with_filter_door_66455844bdd24e80ad22c4178de55601,Air purifier with filter door,"A wide box-shaped air purifier with two side-by-side filter bays, each sealed by a hinged door that swings open on a revolute hinge at the body face.",否,,,old,满足,不满足,不满足,,,,满足,满足,,满足,满足,不满足,,,,wanglin,missing_part; missing_dynamics,旧版350转换（有失败记录）,missing_part → 零件数量和种类、必要结构均标为不满足。；missing_dynamics 按旧标准语义映射到可信实体连接或支撑结构。,2026-07-29T23:53:59.333090+00:00,2026-07-30T00:13:11.652819+00:00
rec_air_purifier_with_filter_door_c739afd5c89343b28eef9b2333094848,Air purifier with filter door,"A wall air purifier with a hinged front cover and an inner filter drawer on bottom rails. The front cover rotates on a vertical hinge at one side, and the in...",否,,,old,满足,满足,满足,,,,满足,满足,,满足,满足,不满足,,,,wanglin,missing_dynamics,旧版350转换（有失败记录）,missing_dynamics 按旧标准语义映射到可信实体连接或支撑结构。,2026-07-29T23:53:59.333090+00:00,2026-07-30T00:13:11.652819+00:00
rec_air_purifier_with_filter_door_e50582cbd8c74ea088ac6fb1218ca3d4,Air purifier with filter door,"An under-desk air purifier with a flat low-profile rectangular housing, a front grille face, and a hinged bottom panel that drops open on a revolute hinge at...",否,,,old,满足,满足,满足,,,,满足,满足,,满足,满足,不满足,,,,wanglin,missing_dynamics,旧版350转换（有失败记录）,missing_dynamics 按旧标准语义映射到可信实体连接或支撑结构。,2026-07-29T23:53:59.333090+00:00,2026-07-30T00:13:11.652819+00:00
rec_all_in_one_printer_with_scanner_lid_and_paper_tray_e04fb5f7b1224681bf3e4df1f7d77d52,All-in-one printer with scanner lid and paper tray,"A wireless home all-in-one printer with a low body, a flatbed scanner lid, a rear paper guide, and a front output tray beneath a compact control strip. The s...",否,,,old,满足,满足,满足,,,,满足,满足,,,,不满足,,,,wanglin,invalid_axis_or_range; missing_dynamics,旧版350转换（有失败记录）,invalid_axis_or_range 无法区分轴向和范围，两个字段均标为待复核。；missing_dynamics 按旧标准语义映射到可信实体连接或支撑结构。,2026-07-29T23:53:59.333090+00:00,2026-07-30T00:13:11.652819+00:00
rec_articulated_task_lamp_0011,Articulated task lamp,A wall-mounted task lamp with a folding arm on two revolute joints and a rotating cylindrical shade at the tip.,否,,,old,满足,满足,满足,,,,满足,满足,,满足,满足,满足,,,,,,旧版350转换（无失败记录）,该案例位于旧版前350条清单中，但旧版失败记录表没有此 Record ID；因此按旧版判定为无失败。仅旧版覆盖的维度写为“满足”，新版新增维度保留“未核验”。,2026-07-29T23:53:59.333090+00:00,2026-07-30T00:13:11.652819+00:00
rec_articulated_task_lamp_0a36acca0a084b5fa067884aabf8fcb4,Articulated task lamp,"An under-cabinet LED strip lamp with a flat wall bracket, a two-link folding arm, and a flat LED strip bar at the tip. The first link attaches to the wall br...",否,,,old,满足,满足,满足,,,,满足,满足,,满足,满足,满足,,,,,,旧版350转换（无失败记录）,该案例位于旧版前350条清单中，但旧版失败记录表没有此 Record ID；因此按旧版判定为无失败。仅旧版覆盖的维度写为“满足”，新版新增维度保留“未核验”。,2026-07-29T23:53:59.333090+00:00,2026-07-30T00:13:11.652819+00:00
rec_articulated_task_lamp_26b8afbe241c433fa325fbf23fe8edda,Articulated task lamp,"A wall-mounted task lamp with a circular wall plate, a short lower arm, a longer upper arm, and a bell shade. The lower arm rotates on a hinge at the wall pl...",否,,,old,满足,满足,满足,,,,满足,满足,,满足,满足,满足,,,,,,旧版350转换（无失败记录）,该案例位于旧版前350条清单中，但旧版失败记录表没有此 Record ID；因此按旧版判定为无失败。仅旧版覆盖的维度写为“满足”，新版新增维度保留“未核验”。,2026-07-29T23:53:59.333090+00:00,2026-07-30T00:13:11.652819+00:00
rec_articulated_task_lamp_40a6b812a19a487e857babea0348cfe7,Articulated task lamp,"A clamp-base monitor-mount task lamp with a C-clamp base, a short post on a revolute swivel joint at the clamp boss, a two-link arm with revolute shoulder an...",否,,,old,满足,满足,满足,,,,满足,满足,,满足,满足,满足,,,,wanglin,unreasonable_prompt,旧版350转换（有失败记录）,unreasonable_prompt 在新版中没有直接对应字段，仅保留旧标签和 Viewer 失败结论。,2026-07-29T23:53:59.333090+00:00,2026-07-30T00:13:11.652819+00:00
rec_articulated_task_lamp_6e57f7ca48f94eb6b7eab7837960f129,Articulated task lamp,"A multi-segment studio painting floor lamp with a wide round base, a tall post, a three-link arm, and a flat lamp panel. Links connect through sequential rev...",否,,,old,满足,满足,满足,,,,满足,满足,,满足,满足,满足,,,,wanglin,unreasonable_prompt,旧版350转换（有失败记录）,unreasonable_prompt 在新版中没有直接对应字段，仅保留旧标签和 Viewer 失败结论。,2026-07-29T23:53:59.333090+00:00,2026-07-30T00:13:11.652819+00:00
rec_articulated_task_lamp_9200ab1a6b0e4686869aa67bc8ca0b29,Articulated task lamp,"A clip-on drafting lamp with a double-jaw clamp base, a two-link arm, and a cone shade. The first link revolves on a revolute joint at the clamp post top. Th...",否,,,old,满足,满足,满足,,,,满足,满足,,满足,满足,满足,,,,wanglin,unreasonable_prompt,旧版350转换（有失败记录）,unreasonable_prompt 在新版中没有直接对应字段，仅保留旧标签和 Viewer 失败结论。,2026-07-29T23:53:59.333090+00:00,2026-07-30T00:13:11.652819+00:00
rec_articulated_task_lamp_a7fb8de10c874f1bb217b293d86eeac6,Articulated task lamp,"A wall-mount swing-arm task lamp with a rectangular wall plate, a single arm on a revolute joint at the wall plate boss, the arm extending on a prismatic joi...",否,,,old,满足,满足,满足,,,,满足,满足,,满足,满足,满足,,,,,,旧版350转换（无失败记录）,该案例位于旧版前350条清单中，但旧版失败记录表没有此 Record ID；因此按旧版判定为无失败。仅旧版覆盖的维度写为“满足”，新版新增维度保留“未核验”。,2026-07-29T23:53:59.333090+00:00,2026-07-30T00:13:11.652819+00:00
rec_astronomical_telescope_on_tripod_0003,Astronomical telescope on tripod,A short-tube telescope on a German equatorial mount. The tube is a smooth cylinder with a dew shield ring at the objective end and a visual focuser barrel at...,否,,,old,满足,满足,满足,,,,满足,满足,,满足,满足,满足,,,,,,旧版350转换（无失败记录）,该案例位于旧版前350条清单中，但旧版失败记录表没有此 Record ID；因此按旧版判定为无失败。仅旧版覆盖的维度写为“满足”，新版新增维度保留“未核验”。,2026-07-29T23:53:59.333090+00:00,2026-07-30T00:13:11.652819+00:00
rec_astronomical_telescope_on_tripod_1e2913436c2e4e8d9602aed81e8e06c5,Astronomical telescope on tripod,A binocular astronomy instrument with two parallel refractor tubes on a single-arm yoke mount. The two cylindrical tubes are fixed to a shared horizontal cra...,否,,,old,满足,满足,满足,,,,满足,满足,,满足,满足,满足,,,,,,旧版350转换（无失败记录）,该案例位于旧版前350条清单中，但旧版失败记录表没有此 Record ID；因此按旧版判定为无失败。仅旧版覆盖的维度写为“满足”，新版新增维度保留“未核验”。,2026-07-29T23:53:59.333090+00:00,2026-07-30T00:13:11.652819+00:00
rec_astronomical_telescope_on_tripod_89eee28637f34b68b433a17f4ced937f,Astronomical telescope on tripod,A refractor spotting scope on a ball-head alt-az tripod. A medium-length cylindrical refractor tube connects to the tripod head on a ball-head bracket. The h...,否,,,old,满足,满足,满足,,,,满足,满足,,满足,满足,满足,,,,,,旧版350转换（无失败记录）,该案例位于旧版前350条清单中，但旧版失败记录表没有此 Record ID；因此按旧版判定为无失败。仅旧版覆盖的维度写为“满足”，新版新增维度保留“未核验”。,2026-07-29T23:53:59.333090+00:00,2026-07-30T00:13:11.652819+00:00
rec_astronomical_telescope_on_tripod_f0fc23e7049a473c801d94faffe3904c,Astronomical telescope on tripod,"A realistic, highly detailed astronomical telescope on a tripod with a long optical tube, a supporting mount head, adjustable tripod legs, and a believable a...",否,,,old,满足,满足,满足,,,,满足,满足,,满足,满足,不满足,,,,wanglin,missing_dynamics,旧版350转换（有失败记录）,missing_dynamics 按旧标准语义映射到可信实体连接或支撑结构。,2026-07-29T23:53:59.333090+00:00,2026-07-30T00:13:11.652819+00:00
rec_barrier_gate_0007,Barrier gate,A security barrier gate with a flat housing and a folding boom arm with revolute joints at the housing pivot and the arm midpoint.,否,,,old,满足,满足,满足,,,,满足,满足,,满足,满足,满足,,,,,,旧版350转换（无失败记录）,该案例位于旧版前350条清单中，但旧版失败记录表没有此 Record ID；因此按旧版判定为无失败。仅旧版覆盖的维度写为“满足”，新版新增维度保留“未核验”。,2026-07-29T23:53:59.333090+00:00,2026-07-30T00:13:11.652819+00:00
rec_barrier_gate_0444d0f8a1e14f6fb45a1866bd673b6f,Barrier gate,"A telescoping street bollard with a square outer sleeve fixed in the ground and an inner square post that extends vertically on a prismatic joint, and a hing...",否,,,old,满足,满足,满足,,,,满足,满足,,满足,满足,满足,,,,,,旧版350转换（无失败记录）,该案例位于旧版前350条清单中，但旧版失败记录表没有此 Record ID；因此按旧版判定为无失败。仅旧版覆盖的维度写为“满足”，新版新增维度保留“未核验”。,2026-07-29T23:53:59.333090+00:00,2026-07-30T00:13:11.652819+00:00
rec_barrier_gate_557f4d79951148ad88a0c526a09987a0,Barrier gate,A security barrier gate with a flat housing and a folding boom arm with revolute joints at the housing pivot and the arm midpoint.,否,,,old,满足,满足,满足,,,,满足,满足,,满足,满足,满足,,,,,,旧版350转换（无失败记录）,该案例位于旧版前350条清单中，但旧版失败记录表没有此 Record ID；因此按旧版判定为无失败。仅旧版覆盖的维度写为“满足”，新版新增维度保留“未核验”。,2026-07-29T23:53:59.333090+00:00,2026-07-30T00:13:11.652819+00:00
rec_barrier_gate_8511b32d0c8e4b5d81f1159eaa410fb6,Barrier gate,A retractable post barrier with a round chrome post that telescopes into a flush ground socket. The post slides prismatically along the vertical axis into th...,否,,,old,满足,满足,满足,,,,满足,满足,,满足,满足,满足,,,,,,旧版350转换（无失败记录）,该案例位于旧版前350条清单中，但旧版失败记录表没有此 Record ID；因此按旧版判定为无失败。仅旧版覆盖的维度写为“满足”，新版新增维度保留“未核验”。,2026-07-29T23:53:59.333090+00:00,2026-07-30T00:13:11.652819+00:00
rec_barrier_gate_fa1d028f5e4b44eabbe7ec74f19ea254,Barrier gate,A parking barrier gate with a rectangular control housing and a counterweighted horizontal boom arm that lifts on a revolute hinge.,否,,,old,满足,满足,满足,,,,满足,满足,,满足,满足,满足,,,,,,旧版350转换（无失败记录）,该案例位于旧版前350条清单中，但旧版失败记录表没有此 Record ID；因此按旧版判定为无失败。仅旧版覆盖的维度写为“满足”，新版新增维度保留“未核验”。,2026-07-29T23:53:59.333090+00:00,2026-07-30T00:13:11.652819+00:00
rec_barrier_gate_fab6145ee69b4baeba25ceded4bab04d,Barrier gate,A hinged bollard barrier with a round steel bollard post that folds to horizontal. The post folds on a revolute hinge at its base plate about a horizontal ax...,否,,,old,满足,满足,满足,,,,满足,满足,,满足,满足,满足,,,,,,旧版350转换（无失败记录）,该案例位于旧版前350条清单中，但旧版失败记录表没有此 Record ID；因此按旧版判定为无失败。仅旧版覆盖的维度写为“满足”，新版新增维度保留“未核验”。,2026-07-29T23:53:59.333090+00:00,2026-07-30T00:13:11.652819+00:00
rec_bell_tower_with_swinging_bell_53eb980281484b5c90f51824d63843ee,Bell tower with swinging bell,"An Alpine wooden bell cote with a narrow rectangular timber frame, a pointed roof, and a single brass bell hung on a pivot beam inside the frame. The pivot b...",否,,,old,满足,满足,满足,,,,满足,满足,,满足,满足,满足,,,,,,旧版350转换（无失败记录）,该案例位于旧版前350条清单中，但旧版失败记录表没有此 Record ID；因此按旧版判定为无失败。仅旧版覆盖的维度写为“满足”，新版新增维度保留“未核验”。,2026-07-29T23:53:59.333090+00:00,2026-07-30T00:13:11.652819+00:00
rec_bell_tower_with_swinging_bell_753c4c2b2de14b0882d1ad9070e85061,Bell tower with swinging bell,"A Gothic cathedral stone belfry tower with a pointed octagonal spire above a ribbed drum, two large bells each hung from a timber yoke on a separate horizont...",否,,,old,满足,满足,满足,,,,满足,满足,,满足,满足,满足,,,,,,旧版350转换（无失败记录）,该案例位于旧版前350条清单中，但旧版失败记录表没有此 Record ID；因此按旧版判定为无失败。仅旧版覆盖的维度写为“满足”，新版新增维度保留“未核验”。,2026-07-29T23:53:59.333090+00:00,2026-07-30T00:13:11.652819+00:00
rec_bell_tower_with_swinging_bell_8eb18e56412449d5b41919422638347e,Bell tower with swinging bell,"A traditional English parish church square stone tower with a crenellated parapet, a single large bronze bell in the belfry chamber hung from a wooden headst...",否,,,old,满足,满足,满足,,,,满足,满足,,满足,满足,满足,,,,,,旧版350转换（无失败记录）,该案例位于旧版前350条清单中，但旧版失败记录表没有此 Record ID；因此按旧版判定为无失败。仅旧版覆盖的维度写为“满足”，新版新增维度保留“未核验”。,2026-07-29T23:53:59.333090+00:00,2026-07-30T00:13:11.652819+00:00
rec_bell_tower_with_swinging_bell_982cf580e65141d381d0e46d647318c9,Bell tower with swinging bell,"A seaside harbor bell tower with a round timber post, a conical shingled cap, and a single iron bell hung on a crossbeam near the top. The crossbeam is fixed...",否,,,old,满足,满足,满足,,,,满足,满足,,满足,满足,满足,,,,,,旧版350转换（无失败记录）,该案例位于旧版前350条清单中，但旧版失败记录表没有此 Record ID；因此按旧版判定为无失败。仅旧版覆盖的维度写为“满足”，新版新增维度保留“未核验”。,2026-07-29T23:53:59.333090+00:00,2026-07-30T00:13:11.652819+00:00
rec_bench_vise_with_prismatic_jaw_20b476fff0274a2ab363809af970b95e,Bench vise with prismatic jaw,A quick-release woodworking vise with a flat jaw sliding on twin guide bars with a rapid-release lever and a fine-adjust screw.,否,,,old,满足,满足,满足,,,,满足,满足,,满足,满足,满足,,,,,,旧版350转换（无失败记录）,该案例位于旧版前350条清单中，但旧版失败记录表没有此 Record ID；因此按旧版判定为无失败。仅旧版覆盖的维度写为“满足”，新版新增维度保留“未核验”。,2026-07-29T23:53:59.333090+00:00,2026-07-30T00:13:11.652819+00:00
rec_bench_vise_with_prismatic_jaw_4469adb1596540038c98612e9c91c18b,Bench vise with prismatic jaw,"A realistic, highly detailed bench vise with a heavy base, fixed body, sliding jaw, and convincing handle and screw hardware. The jaw motion and handle artic...",否,,,old,满足,满足,满足,,,,满足,满足,,满足,满足,满足,,,,,,旧版350转换（无失败记录）,该案例位于旧版前350条清单中，但旧版失败记录表没有此 Record ID；因此按旧版判定为无失败。仅旧版覆盖的维度写为“满足”，新版新增维度保留“未核验”。,2026-07-29T23:53:59.333090+00:00,2026-07-30T00:13:11.652819+00:00
rec_bench_vise_with_prismatic_jaw_bc62b2f84fb148bc9bfb58d2112f53f6,Bench vise with prismatic jaw,"A cross-drilling vise with a wide rectangular base plate, a fixed rear V-block jaw, a moving front V-block jaw on two parallel round-bar prismatic guides dri...",否,,,old,满足,满足,满足,,,,满足,满足,,满足,满足,满足,,,,,,旧版350转换（无失败记录）,该案例位于旧版前350条清单中，但旧版失败记录表没有此 Record ID；因此按旧版判定为无失败。仅旧版覆盖的维度写为“满足”，新版新增维度保留“未核验”。,2026-07-29T23:53:59.333090+00:00,2026-07-30T00:13:11.652819+00:00
rec_bench_vise_with_prismatic_jaw_d70a987ac802416cb23ad1ad4bf81644,Bench vise with prismatic jaw,"A woodworking vise with a fixed rear jaw, a wide wooden front jaw plate, and a screw handle plus a side guide-lock knob. The front jaw slides prismatically o...",否,,,old,满足,满足,满足,,,,满足,满足,,满足,满足,不满足,,,,wanglin,missing_dynamics,旧版350转换（有失败记录）,missing_dynamics 按旧标准语义映射到可信实体连接或支撑结构。,2026-07-29T23:53:59.333090+00:00,2026-07-30T00:13:11.652819+00:00
rec_benchtop_monocular_laboratory_microscope_9446ab8e5173468983d25672d0a767fd,Benchtop Monocular Laboratory Microscope,"A metal-bodied monocular microscope with a deep base, an upright arm, a revolving objective nosepiece, and a rectangular slide stage with two guide controls,...",否,,,old,满足,满足,满足,,,,满足,满足,,满足,满足,满足,,,,,,旧版350转换（无失败记录）,该案例位于旧版前350条清单中，但旧版失败记录表没有此 Record ID；因此按旧版判定为无失败。仅旧版覆盖的维度写为“满足”，新版新增维度保留“未核验”。,2026-07-29T23:53:59.333090+00:00,2026-07-30T00:13:11.652819+00:00
rec_benchtop_monocular_laboratory_microscope_9e4df39674194d59a5f897a9bb9dc6a5,Benchtop Monocular Laboratory Microscope,"A metal-bodied monocular microscope with a deep base, an upright arm, a revolving objective nosepiece, and a rectangular slide stage with two guide controls,...",否,,,old,满足,满足,满足,,,,满足,满足,,满足,满足,满足,,,,,,旧版350转换（无失败记录）,该案例位于旧版前350条清单中，但旧版失败记录表没有此 Record ID；因此按旧版判定为无失败。仅旧版覆盖的维度写为“满足”，新版新增维度保留“未核验”。,2026-07-29T23:53:59.333090+00:00,2026-07-30T00:13:11.652819+00:00
rec_bicycle_crankset_and_pedal_assembly_0004,Bicycle crankset and pedal assembly,"A folding-bike compact crankset with shortened crank arms on a sealed bottom bracket, a single small-diameter chainring, and folding pedals whose outer halve...",否,,,old,满足,满足,满足,,,,满足,满足,,满足,满足,满足,,,,,,旧版350转换（无失败记录）,该案例位于旧版前350条清单中，但旧版失败记录表没有此 Record ID；因此按旧版判定为无失败。仅旧版覆盖的维度写为“满足”，新版新增维度保留“未核验”。,2026-07-29T23:53:59.333090+00:00,2026-07-30T00:13:11.652819+00:00
rec_bicycle_crankset_and_pedal_assembly_1f6300db6a2a411ea2a58487d131b62d,Bicycle crankset and pedal assembly,"A realistic, highly detailed bicycle crankset and pedal assembly with a bottom-bracket shell, dual crank arms, a machined spider and chainring, and two belie...",否,,,old,满足,满足,满足,,,,满足,满足,,满足,满足,不满足,,,,wanglin,missing_dynamics,旧版350转换（有失败记录）,missing_dynamics 按旧标准语义映射到可信实体连接或支撑结构。,2026-07-29T23:53:59.333090+00:00,2026-07-30T00:13:11.652819+00:00
rec_bicycle_crankset_and_pedal_assembly_5fe9bf7e4c1645d888747e760f2f4536,Bicycle crankset and pedal assembly,"A downhill freeride crankset with a wide bottom-bracket shell, two oversized crank arms, and a bash-guard outer ring. The spindle and crank arms rotate conti...",否,,,old,满足,满足,满足,,,,满足,满足,,满足,满足,满足,,,,wanglin,unreasonable_prompt,旧版350转换（有失败记录）,unreasonable_prompt 在新版中没有直接对应字段，仅保留旧标签和 Viewer 失败结论。,2026-07-29T23:53:59.333090+00:00,2026-07-30T00:13:11.652819+00:00
rec_bicycle_crankset_and_pedal_assembly_ae2baa8af500461f881edaf1fcf9a7a1,Bicycle crankset and pedal assembly,"A triple-chainring road crankset with two matching hollow crank arms on a two-piece spindle on a revolute axle through the bottom-bracket shell, three chainr...",否,,,old,满足,满足,满足,,,,满足,满足,,满足,满足,满足,,,,,,旧版350转换（无失败记录）,该案例位于旧版前350条清单中，但旧版失败记录表没有此 Record ID；因此按旧版判定为无失败。仅旧版覆盖的维度写为“满足”，新版新增维度保留“未核验”。,2026-07-29T23:53:59.333090+00:00,2026-07-30T00:13:11.652819+00:00
rec_bicycle_dropper_seatpost_assembly_230ccd2e30b4468fbae4271423612cfd,Bicycle dropper seatpost assembly,"A hydraulic dropper seatpost with a lower body tube clamped by a quick-release binder ring, an inner telescoping post on a prismatic joint, and a two-bolt sa...",否,,,old,满足,满足,满足,,,,满足,满足,,满足,满足,满足,,,,,,旧版350转换（无失败记录）,该案例位于旧版前350条清单中，但旧版失败记录表没有此 Record ID；因此按旧版判定为无失败。仅旧版覆盖的维度写为“满足”，新版新增维度保留“未核验”。,2026-07-29T23:53:59.333090+00:00,2026-07-30T00:13:11.652819+00:00
rec_bicycle_dropper_seatpost_assembly_93fddc18713f4c9fa17abe92828ec0ed,Bicycle dropper seatpost assembly,"A rugged mountain bike dropper post with a machined alloy outer body, a telescoping inner shaft actuated by a prismatic joint, and a clamp head with an integ...",否,,,old,满足,满足,满足,,,,满足,满足,,满足,满足,满足,,,,wanglin,unreasonable_prompt,旧版350转换（有失败记录）,unreasonable_prompt 在新版中没有直接对应字段，仅保留旧标签和 Viewer 失败结论。,2026-07-29T23:53:59.333090+00:00,2026-07-30T00:13:11.652819+00:00
rec_bicycle_dropper_seatpost_assembly_ca377e07afda43cfad6c48777df3429e,Bicycle dropper seatpost assembly,"A dual-actuation dropper seatpost with a round outer tube, a telescoping inner tube, and two side-lever actuators. The inner tube slides prismatically inside...",否,,,old,满足,满足,满足,,,,满足,满足,,满足,满足,满足,,,,,,旧版350转换（无失败记录）,该案例位于旧版前350条清单中，但旧版失败记录表没有此 Record ID；因此按旧版判定为无失败。仅旧版覆盖的维度写为“满足”，新版新增维度保留“未核验”。,2026-07-29T23:53:59.333090+00:00,2026-07-30T00:13:11.652819+00:00
rec_bicycle_fork_and_handlebar_assembly_0009,Bicycle fork and handlebar assembly,"A BMX fork with a Cr-Mo steel crown, a 1-inch steerer on a revolute joint in a short head tube, and wide riser bars clamped in a short alloy stem.",否,,,old,满足,满足,满足,,,,满足,满足,,满足,满足,满足,,,,,,旧版350转换（无失败记录）,该案例位于旧版前350条清单中，但旧版失败记录表没有此 Record ID；因此按旧版判定为无失败。仅旧版覆盖的维度写为“满足”，新版新增维度保留“未核验”。,2026-07-29T23:53:59.333090+00:00,2026-07-30T00:13:11.652819+00:00
rec_bicycle_fork_and_handlebar_assembly_0d2fd987697e41cbb71124424b37c10c,Bicycle fork and handlebar assembly,"A mountain bike air-suspension fork with a wide crown, two telescoping lower stanchion legs each extending on a prismatic joint from upper inner tubes, a tap...",否,,,old,满足,满足,满足,,,,满足,满足,,满足,满足,满足,,,,,,旧版350转换（无失败记录）,该案例位于旧版前350条清单中，但旧版失败记录表没有此 Record ID；因此按旧版判定为无失败。仅旧版覆盖的维度写为“满足”，新版新增维度保留“未核验”。,2026-07-29T23:53:59.333090+00:00,2026-07-30T00:13:11.652819+00:00
rec_bicycle_fork_and_handlebar_assembly_282510776bd94d01853791cb9d791aba,Bicycle fork and handlebar assembly,"A road track bike fork with a slim oval-section steel crown, two straight tensioned blades, and a threaded steerer clamped in a quill stem with a center expa...",否,,,old,满足,满足,满足,,,,满足,满足,,满足,满足,满足,,,,,,旧版350转换（无失败记录）,该案例位于旧版前350条清单中，但旧版失败记录表没有此 Record ID；因此按旧版判定为无失败。仅旧版覆盖的维度写为“满足”，新版新增维度保留“未核验”。,2026-07-29T23:53:59.333090+00:00,2026-07-30T00:13:11.652819+00:00
rec_bicycle_fork_and_handlebar_assembly_9c6fff0201d94260b769313deefe238f,Bicycle fork and handlebar assembly,"A recumbent trike front fork with a wide squared-crown blade pair, two straight round blade legs, and a threaded steerer. A forward-swept bullhorn handlebar...",否,,,old,满足,满足,满足,,,,满足,满足,,满足,满足,满足,,,,,,旧版350转换（无失败记录）,该案例位于旧版前350条清单中，但旧版失败记录表没有此 Record ID；因此按旧版判定为无失败。仅旧版覆盖的维度写为“满足”，新版新增维度保留“未核验”。,2026-07-29T23:53:59.333090+00:00,2026-07-30T00:13:11.652819+00:00
rec_binoculars_5128d407e12b47f99cf4efdf1db3d9b5,Binoculars,Marine waterproof binoculars with two heavy cylindrical objective housings on a fixed bridge and a large central focus knob. The two housings are fixed to th...,否,,,old,满足,满足,满足,,,,满足,满足,,满足,满足,不满足,,,,wanglin,missing_dynamics; unreasonable_prompt,旧版350转换（有失败记录）,missing_dynamics 按旧标准语义映射到可信实体连接或支撑结构。；unreasonable_prompt 在新版中没有直接对应字段，仅保留旧标签和 Viewer 失败结论。,2026-07-29T23:53:59.333090+00:00,2026-07-30T00:13:11.652819+00:00
rec_binoculars_76ae46d82be74c5eab5c476a1c62a625,Binoculars,"A rangefinder binocular with a wide rectangular body, two objective barrels on a central revolute interpupillary hinge, a center focus wheel on a revolute jo...",否,,,old,满足,满足,满足,,,,满足,满足,,满足,满足,不满足,,,,wanglin,missing_dynamics,旧版350转换（有失败记录）,missing_dynamics 按旧标准语义映射到可信实体连接或支撑结构。,2026-07-29T23:53:59.333090+00:00,2026-07-30T00:13:11.652819+00:00
rec_binoculars_be7c116842784f29a5bbf3fba0a72669,Binoculars,"A marine porro-prism binocular with wide sealed objective barrels in a rubber-armored housing, two barrels on a central revolute hinge, a center focus wheel...",否,,,old,满足,满足,满足,,,,满足,满足,,满足,满足,不满足,,,,wanglin,missing_dynamics,旧版350转换（有失败记录）,missing_dynamics 按旧标准语义映射到可信实体连接或支撑结构。,2026-07-29T23:53:59.333090+00:00,2026-07-30T00:13:11.652819+00:00
rec_binoculars_bf175da2f27d4fdfba1183802df08993,Binoculars,An 8x42 roof-prism hunting binocular with two barrels on a central pivot hinge and a large rubber-coated center focus knob on a revolute joint.,否,,,old,满足,满足,满足,,,,满足,满足,,满足,满足,不满足,,,,wanglin,missing_dynamics; unreasonable_prompt,旧版350转换（有失败记录）,missing_dynamics 按旧标准语义映射到可信实体连接或支撑结构。；unreasonable_prompt 在新版中没有直接对应字段，仅保留旧标签和 Viewer 失败结论。,2026-07-29T23:53:59.333090+00:00,2026-07-30T00:13:11.652819+00:00
rec_blender_505cbaf0d2fe46acb5569c11e86ab410,Blender,"A countertop soup blender with a wide round base, a wide-mouth glass jar on a bayonet twist-lock at the base coupling, a four-blade assembly on a revolute jo...",否,,,old,满足,满足,满足,,,,满足,满足,,满足,满足,满足,,,,,,旧版350转换（无失败记录）,该案例位于旧版前350条清单中，但旧版失败记录表没有此 Record ID；因此按旧版判定为无失败。仅旧版覆盖的维度写为“满足”，新版新增维度保留“未核验”。,2026-07-29T23:53:59.333090+00:00,2026-07-30T00:13:11.652819+00:00
rec_blender_75551dec8da7477c96c337405d05c492,Blender,"A commercial bar blender with a square base, a heavy pitcher, and a hinged clear splash shield in front of the jar opening. The splash shield rotates on a sh...",否,,,old,满足,满足,满足,,,,满足,满足,,满足,满足,满足,,,,wanglin,unreasonable_prompt,旧版350转换（有失败记录）,unreasonable_prompt 在新版中没有直接对应字段，仅保留旧标签和 Viewer 失败结论。,2026-07-29T23:53:59.333090+00:00,2026-07-30T00:13:11.652819+00:00
rec_blender_b30547af476f403486d7799ebadc290f,Blender,"A cold-press smoothie blender with a wide rectangular base, a wide-mouth polycarbonate jar on a bayonet lock at the base coupling, a six-blade cross assembly...",否,,,old,满足,满足,满足,,,,满足,满足,,满足,满足,满足,,,,,,旧版350转换（无失败记录）,该案例位于旧版前350条清单中，但旧版失败记录表没有此 Record ID；因此按旧版判定为无失败。仅旧版覆盖的维度写为“满足”，新版新增维度保留“未核验”。,2026-07-29T23:53:59.333090+00:00,2026-07-30T00:13:11.652819+00:00
rec_blender_c6e4b2a3ed7845b4b55b56097a4b6562,Blender,A commercial sound-enclosure blender with a rectangular base and a hinged polycarbonate noise hood. The blending jar mounts on the base drive coupling and lo...,否,,,old,满足,满足,满足,,,,满足,满足,,满足,满足,不满足,,,,wanglin,missing_dynamics,旧版350转换（有失败记录）,missing_dynamics 按旧标准语义映射到可信实体连接或支撑结构。,2026-07-29T23:53:59.333090+00:00,2026-07-30T00:13:11.652819+00:00
rec_blender_cc0693566ef74e19beafc7397b682be9,Blender,"A vacuum blender with a round base housing, a tall cylindrical jug that seats on a revolute twist lock, and a suction connector cap. The jug locks on the bas...",否,,,old,满足,满足,满足,,,,满足,满足,,,,满足,,,,wanglin,invalid_axis_or_range,旧版350转换（有失败记录）,invalid_axis_or_range 无法区分轴向和范围，两个字段均标为待复核。,2026-07-29T23:53:59.333090+00:00,2026-07-30T00:13:11.652819+00:00
rec_blimp_3b30a24c127140e6b21a4bf34bece1a8,Blimp,"A sightseeing blimp with a streamlined main envelope, a long passenger cabin, and one propeller pod mounted on each side near the cabin, plus a rear mooring...",否,,,old,满足,满足,满足,,,,满足,满足,,满足,满足,满足,,,,,,旧版350转换（无失败记录）,该案例位于旧版前350条清单中，但旧版失败记录表没有此 Record ID；因此按旧版判定为无失败。仅旧版覆盖的维度写为“满足”，新版新增维度保留“未核验”。,2026-07-29T23:53:59.333090+00:00,2026-07-30T00:13:11.652819+00:00
rec_blimp_629fe4fa0fa048f992e1b0ca36d4622f,Blimp,"A utility blimp with a thick envelope, a compact gondola, twin engine pods, and a boxy tail cruciform, plus a small wheeled landing gear under the gondola. t...",否,,,old,满足,满足,满足,,,,满足,满足,,满足,满足,满足,,,,,,旧版350转换（无失败记录）,该案例位于旧版前350条清单中，但旧版失败记录表没有此 Record ID；因此按旧版判定为无失败。仅旧版覆盖的维度写为“满足”，新版新增维度保留“未核验”。,2026-07-29T23:53:59.333090+00:00,2026-07-30T00:13:11.652819+00:00
rec_blimp_d9936e8662cf450c861323ea5ab939d4,Blimp,"A communications blimp with a cigar envelope, a rectangular equipment gondola, side engine pods, and a four-fin tail, plus a rear mooring wheel under the gon...",否,,,old,满足,满足,满足,,,,满足,满足,,满足,满足,满足,,,,,,旧版350转换（无失败记录）,该案例位于旧版前350条清单中，但旧版失败记录表没有此 Record ID；因此按旧版判定为无失败。仅旧版覆盖的维度写为“满足”，新版新增维度保留“未核验”。,2026-07-29T23:53:59.333090+00:00,2026-07-30T00:13:11.652819+00:00
rec_box_fan_with_control_knob_67eb0eb1c46d4fc4aec95eb8bdb5cfba,Box fan with control knob,A table tilt-stand box fan with a small square housing on a round tilt-stand base. The housing tilts on a revolute hinge at the stand arms about a horizontal...,否,,,old,满足,满足,满足,,,,满足,满足,,满足,满足,满足,,,,,,旧版350转换（无失败记录）,该案例位于旧版前350条清单中，但旧版失败记录表没有此 Record ID；因此按旧版判定为无失败。仅旧版覆盖的维度写为“满足”，新版新增维度保留“未核验”。,2026-07-29T23:53:59.333090+00:00,2026-07-30T00:13:11.652819+00:00
rec_box_fan_with_control_knob_88551567beac46d193a74e7d338e8f17,Box fan with control knob,"A pedestal box fan with a square housing on a height-adjustable pedestal column extending on a prismatic joint from a round base, a five-blade propeller behi...",否,,,old,满足,满足,满足,,,,满足,满足,,满足,满足,满足,,,,wanglin,unreasonable_prompt,旧版350转换（有失败记录）,unreasonable_prompt 在新版中没有直接对应字段，仅保留旧标签和 Viewer 失败结论。,2026-07-29T23:53:59.333090+00:00,2026-07-30T00:13:11.652819+00:00
rec_box_fan_with_control_knob_b579fec3589f4171a07baa3a8d000357,Box fan with control knob,"A classic household box fan with a square plastic housing, a snap-on front grille, and a three-blade rotor inside. The rotor spins continuously on the motor...",否,,,old,满足,满足,满足,,,,满足,满足,,满足,满足,满足,,,,,,旧版350转换（无失败记录）,该案例位于旧版前350条清单中，但旧版失败记录表没有此 Record ID；因此按旧版判定为无失败。仅旧版覆盖的维度写为“满足”，新版新增维度保留“未核验”。,2026-07-29T23:53:59.333090+00:00,2026-07-30T00:13:11.652819+00:00
rec_box_fan_with_control_knob_c070dcce36ae4f1db7313731b14334de,Box fan with control knob,An industrial wall exhaust fan with a square housing bolted to a wall opening. A rectangular hinged damper flap on the exterior opens on a revolute hinge at...,否,,,old,满足,满足,满足,,,,满足,满足,,满足,满足,满足,,,,wanglin,unreasonable_prompt,旧版350转换（有失败记录）,unreasonable_prompt 在新版中没有直接对应字段，仅保留旧标签和 Viewer 失败结论。,2026-07-29T23:53:59.333090+00:00,2026-07-30T00:13:11.652819+00:00
rec_box_fan_with_control_knob_c54729282fbe410ab5869ff357c1ff4b,Box fan with control knob,"A box fan on a tubular floor stand with a square housing, side tilt pivots, and one knurled control knob near the lower right corner. The housing tilts on ho...",否,,,old,满足,满足,满足,,,,满足,满足,,满足,满足,满足,,,,,,旧版350转换（无失败记录）,该案例位于旧版前350条清单中，但旧版失败记录表没有此 Record ID；因此按旧版判定为无失败。仅旧版覆盖的维度写为“满足”，新版新增维度保留“未核验”。,2026-07-29T23:53:59.333090+00:00,2026-07-30T00:13:11.652819+00:00
rec_box_fan_with_control_knob_c747b736968d4acca7f3e29c6ce06a94,Box fan with control knob,A compact portable box fan with a square housing and a fold-flat carry handle bridging the top edge. The blade assembly spins continuously on the motor shaft...,否,,,old,满足,满足,满足,,,,满足,满足,,满足,满足,满足,,,,,,旧版350转换（无失败记录）,该案例位于旧版前350条清单中，但旧版失败记录表没有此 Record ID；因此按旧版判定为无失败。仅旧版覆盖的维度写为“满足”，新版新增维度保留“未核验”。,2026-07-29T23:53:59.333090+00:00,2026-07-30T00:13:11.652819+00:00
rec_branching_tree_with_three_independent_rotary_branches_0002,Branching tree with three independent rotary branches,"A three-branch rotary tree mechanism with a central hub and three independent hinged arms, designed as a clean CAD linkage assembly.",否,,,old,满足,满足,满足,,,,满足,满足,,满足,满足,不满足,,,,wanglin,missing_dynamics,旧版350转换（有失败记录）,missing_dynamics 按旧标准语义映射到可信实体连接或支撑结构。,2026-07-29T23:53:59.333090+00:00,2026-07-30T00:13:11.652819+00:00
rec_branching_tree_with_three_independent_rotary_branches_6f7d1245d56f48d1b6fb3563560dbdb5,Branching tree with three independent rotary branches,"A rack-style three-branch rotary tree. A grounded upright spine carries three branch modules on separate side saddles, with each branch ending in a different...",否,,,old,满足,满足,满足,,,,满足,满足,,满足,满足,满足,,,,,,旧版350转换（无失败记录）,该案例位于旧版前350条清单中，但旧版失败记录表没有此 Record ID；因此按旧版判定为无失败。仅旧版覆盖的维度写为“满足”，新版新增维度保留“未核验”。,2026-07-29T23:53:59.333090+00:00,2026-07-30T00:13:11.652819+00:00
rec_branching_tree_with_three_independent_rotary_branches_b5b95a66f47d4ccba765be8e92882a0b,Branching tree with three independent rotary branches,"A service-panel three-branch bracket. A grounded backplate supports three branch pods arranged around a vertical spine, with compact end plates at the branch...",否,,,old,满足,满足,满足,,,,满足,满足,,满足,满足,满足,,,,,,旧版350转换（无失败记录）,该案例位于旧版前350条清单中，但旧版失败记录表没有此 Record ID；因此按旧版判定为无失败。仅旧版覆盖的维度写为“满足”，新版新增维度保留“未核验”。,2026-07-29T23:53:59.333090+00:00,2026-07-30T00:13:11.652819+00:00
rec_branching_tree_with_three_independent_rotary_branches_c0d2437afafc4743bacbf27184f50ec3,Branching tree with three independent rotary branches,"A bridge-backed three-branch tooling tree. A rear frame and forward spine support three offset arms, giving each branch clear clearance from its neighbors an...",否,,,old,满足,满足,满足,,,,满足,满足,,满足,满足,不满足,,,,wanglin,missing_dynamics,旧版350转换（有失败记录）,missing_dynamics 按旧标准语义映射到可信实体连接或支撑结构。,2026-07-29T23:53:59.333090+00:00,2026-07-30T00:13:11.652819+00:00
rec_branching_tree_with_two_independent_rotary_branches_3b8476bde00749aaaa84928c35c21164,Branching tree with two independent rotary branches,A two-branch fixture tree built around a tall rectangular spine with one upper fork arm and one lower plate arm mounted on opposite sides. Each branch is car...,否,,,old,满足,满足,满足,,,,满足,满足,,满足,满足,满足,,,,,,旧版350转换（无失败记录）,该案例位于旧版前350条清单中，但旧版失败记录表没有此 Record ID；因此按旧版判定为无失败。仅旧版覆盖的维度写为“满足”，新版新增维度保留“未核验”。,2026-07-29T23:53:59.333090+00:00,2026-07-30T00:13:11.652819+00:00
rec_branching_tree_with_two_independent_rotary_branches_8786b0673c7c42f1b90056862204a44d,Branching tree with two independent rotary branches,"A two-branch positioning fixture. A rigid central spine carries an upper branch arm and a lower branch arm on separate side-supported hubs, with a small tool...",否,,,old,满足,满足,满足,,,,满足,满足,,满足,满足,满足,,,,,,旧版350转换（无失败记录）,该案例位于旧版前350条清单中，但旧版失败记录表没有此 Record ID；因此按旧版判定为无失败。仅旧版覆盖的维度写为“满足”，新版新增维度保留“未核验”。,2026-07-29T23:53:59.333090+00:00,2026-07-30T00:13:11.652819+00:00
rec_branching_tree_with_two_independent_rotary_branches_9a7947ee773646d5bb74c84fb965acc7,Branching tree with two independent rotary branches,"Design a realistic, highly detailed branching tree with two independent rotary branches as a standalone mechanical study assembly for the sdk_hybrid pipeline...",否,,,old,满足,满足,满足,,,,满足,满足,,满足,满足,满足,,,,,,旧版350转换（无失败记录）,该案例位于旧版前350条清单中，但旧版失败记录表没有此 Record ID；因此按旧版判定为无失败。仅旧版覆盖的维度写为“满足”，新版新增维度保留“未核验”。,2026-07-29T23:53:59.333090+00:00,2026-07-30T00:13:11.652819+00:00
rec_branching_tree_with_two_independent_rotary_branches_f53333bbd61b40f0a3e846e2afddcf6a,Branching tree with two independent rotary branches,"A hub-and-spoke two-branch motion rig. A vertical mast carries two short spoke arms on discrete hub blocks, and each hub block is visibly larger than the arm...",否,,,old,满足,满足,满足,,,,满足,满足,,满足,满足,满足,,,,,,旧版350转换（无失败记录）,该案例位于旧版前350条清单中，但旧版失败记录表没有此 Record ID；因此按旧版判定为无失败。仅旧版覆盖的维度写为“满足”，新版新增维度保留“未核验”。,2026-07-29T23:53:59.333090+00:00,2026-07-30T00:13:11.652819+00:00
rec_bread_maker_with_hinged_lid_0040cadef29b4bba95f01db8a2373a5e,Bread maker with hinged lid,"A traditional white bread maker with a windowed lid, a front latch lip, and a control band with a program dial plus start and stop buttons. The lid rotates u...",否,,,old,满足,满足,满足,,,,满足,满足,,满足,满足,不满足,,,,wanglin,missing_dynamics; unreasonable_prompt,旧版350转换（有失败记录）,missing_dynamics 按旧标准语义映射到可信实体连接或支撑结构。；unreasonable_prompt 在新版中没有直接对应字段，仅保留旧标签和 Viewer 失败结论。,2026-07-29T23:53:59.333090+00:00,2026-07-30T00:13:11.652819+00:00
rec_camcorder_with_flipout_screen_a42f0a35600f44248c3e0c54ed2019f0,Camcorder with flip-out screen,"A shoulder-style mini camcorder with a rounded rear battery bulge, a forward lens tube, and a side LCD panel recessed into the left wall. The LCD panel swing...",否,,,old,满足,不满足,不满足,,,,满足,满足,,满足,满足,满足,,,,wanglin,missing_part,旧版350转换（有失败记录）,missing_part → 零件数量和种类、必要结构均标为不满足。,2026-07-29T23:53:59.333090+00:00,2026-07-30T00:13:11.652819+00:00
rec_camcorder_with_flipout_screen_b5753ec789b546b0a058ca52bbcd590d,Camcorder with flip-out screen,"A family camcorder with a soft-edged body shell, a cylindrical objective, and a left-side screen door with a shallow finger notch. The screen door rotates op...",否,,,old,满足,满足,满足,,,,不满足,满足,,满足,满足,满足,,,,wanglin,reversed_parent_child,旧版350转换（有失败记录）,reversed_parent_child → 父子关系与连接对象标为不满足。,2026-07-29T23:53:59.333090+00:00,2026-07-30T00:13:11.652819+00:00
rec_camera_flash_29c8935f8a15468ab0081cf71c666215,Camera flash,"A hot-shoe flash with a boxy lamp head, a short articulated neck, and a rear control panel below the display, plus a bounce card sliding from the head top. t...",否,,,old,满足,满足,满足,,,,满足,满足,,,,满足,,,,wanglin,invalid_axis_or_range,旧版350转换（有失败记录）,invalid_axis_or_range 无法区分轴向和范围，两个字段均标为待复核。,2026-07-29T23:53:59.333090+00:00,2026-07-30T00:13:11.652819+00:00
rec_camera_flash_9a52a89523df46cc963a82883aab2948,Camera flash,"A compact on-camera flash with a narrow body, a rectangular bounce head, and a low shoe mount, plus a battery-door seam on one side of the body. the proporti...",否,,,old,满足,满足,满足,,,,满足,满足,,满足,满足,满足,,,,,,旧版350转换（无失败记录）,该案例位于旧版前350条清单中，但旧版失败记录表没有此 Record ID；因此按旧版判定为无失败。仅旧版覆盖的维度写为“满足”，新版新增维度保留“未核验”。,2026-07-29T23:53:59.333090+00:00,2026-07-30T00:13:11.652819+00:00
rec_camera_flash_ad5d0032992c4b9281e0108f06283ca0,Camera flash,"A professional camera flash with a tall rear control body, a broad mounting foot, and a forward-facing head between short yoke arms, plus a side control stri...",否,,,old,满足,满足,满足,,,,满足,满足,,满足,满足,满足,,,,,,旧版350转换（无失败记录）,该案例位于旧版前350条清单中，但旧版失败记录表没有此 Record ID；因此按旧版判定为无失败。仅旧版覆盖的维度写为“满足”，新版新增维度保留“未核验”。,2026-07-29T23:53:59.333090+00:00,2026-07-30T00:13:11.652819+00:00
rec_camera_flash_f349422f022c49c4928ce5084ea811f3,Camera flash,"A full-size speedlight with a deep battery housing, a tall neck, and a wide flash head with rounded side cheeks, plus a battery-door seam on one side of the...",否,,,old,满足,满足,满足,,,,满足,满足,,满足,满足,满足,,,,,,旧版350转换（无失败记录）,该案例位于旧版前350条清单中，但旧版失败记录表没有此 Record ID；因此按旧版判定为无失败。仅旧版覆盖的维度写为“满足”，新版新增维度保留“未核验”。,2026-07-29T23:53:59.333090+00:00,2026-07-30T00:13:11.652819+00:00
rec_camera_lens_0006,Camera Lens,"A macro lens with a compact cylindrical body, a wide rubberized focus ring on a revolute joint, and an inner extension barrel on a prismatic joint.",否,,,old,满足,满足,满足,,,,满足,满足,,满足,满足,满足,,,,,,旧版350转换（无失败记录）,该案例位于旧版前350条清单中，但旧版失败记录表没有此 Record ID；因此按旧版判定为无失败。仅旧版覆盖的维度写为“满足”，新版新增维度保留“未核验”。,2026-07-29T23:53:59.333090+00:00,2026-07-30T00:13:11.652819+00:00
rec_camera_lens_12a609b65c3f4c8890128deb2a4bddf1,Camera Lens,"A realistic, highly detailed camera lens with a convincing barrel, glass elements, control rings, and professional optical-equipment character. The focus or...",否,,,old,满足,满足,满足,,,,满足,满足,,满足,满足,满足,,,,,,旧版350转换（无失败记录）,该案例位于旧版前350条清单中，但旧版失败记录表没有此 Record ID；因此按旧版判定为无失败。仅旧版覆盖的维度写为“满足”，新版新增维度保留“未核验”。,2026-07-29T23:53:59.333090+00:00,2026-07-30T00:13:11.652819+00:00
rec_camera_lens_25860a9256ff475cb5dc3f5fdb80c51e,Camera Lens,An ultra-wide rectilinear prime with a short bulging front element housing and a narrower rear barrel. A focus ring near the front rotates on a revolute join...,否,,,old,满足,满足,满足,,,,满足,满足,,满足,满足,满足,,,,wanglin,unreasonable_prompt,旧版350转换（有失败记录）,unreasonable_prompt 在新版中没有直接对应字段，仅保留旧标签和 Viewer 失败结论。,2026-07-29T23:53:59.333090+00:00,2026-07-30T00:13:11.652819+00:00
rec_camera_lens_656ecf97a6e04553b422dff30a4188e6,Camera Lens,A 2x teleconverter with two cylindrical bayonet mount halves joined by a short cylindrical body. The front bayonet interface ring rotates on a revolute joint...,否,,,old,满足,满足,满足,,,,满足,满足,,满足,满足,满足,,,,,,旧版350转换（无失败记录）,该案例位于旧版前350条清单中，但旧版失败记录表没有此 Record ID；因此按旧版判定为无失败。仅旧版覆盖的维度写为“满足”，新版新增维度保留“未核验”。,2026-07-29T23:53:59.333090+00:00,2026-07-30T00:13:11.652819+00:00
rec_camera_lens_85dca7b15c4e4c8798815f8346cd3d23,Camera Lens,"A cinema zoom lens with a large front barrel, a geared focus ring, a geared zoom ring, and a geared iris ring near the rear. The three rings rotate continuou...",否,,,old,满足,满足,满足,,,,满足,满足,,满足,满足,满足,,,,,,旧版350转换（无失败记录）,该案例位于旧版前350条清单中，但旧版失败记录表没有此 Record ID；因此按旧版判定为无失败。仅旧版覆盖的维度写为“满足”，新版新增维度保留“未核验”。,2026-07-29T23:53:59.333090+00:00,2026-07-30T00:13:11.652819+00:00
rec_camera_lens_a615de42fb1742cfb425eb859aff7882,Camera Lens,A vintage screw-mount prime with a focusing helicoid that extends the front barrel. The focus ring rotates on a revolute joint about the optical axis. The fr...,否,,,old,满足,满足,满足,,,,满足,满足,,满足,满足,满足,,,,,,旧版350转换（无失败记录）,该案例位于旧版前350条清单中，但旧版失败记录表没有此 Record ID；因此按旧版判定为无失败。仅旧版覆盖的维度写为“满足”，新版新增维度保留“未核验”。,2026-07-29T23:53:59.333090+00:00,2026-07-30T00:13:11.652819+00:00
rec_candy_vending_machine_997931472649405aa5f3ea207c9b1d54,Candy Vending Machine,"A narrow tower candy vending machine with stacked candy spirals behind a glass front, a control panel at mid height, and a cash drawer at the base. The cash...",否,,,old,满足,满足,满足,,,,满足,满足,,满足,满足,不满足,,,,wanglin,missing_dynamics,旧版350转换（有失败记录）,missing_dynamics 按旧标准语义映射到可信实体连接或支撑结构。,2026-07-29T23:53:59.333090+00:00,2026-07-30T00:13:11.652819+00:00
rec_candy_vending_machine_9c8af8f47aa046e39a070b415e97d25b,Candy Vending Machine,"A floor-standing candy vending machine with a tall rectangular cabinet, a glazed front door, spiral product shelves, and a lower retrieval chute. The glazed...",否,,,old,满足,不满足,不满足,,,,满足,满足,,满足,满足,满足,,,没有取物品的抽屉,wanglin,missing_part,旧版350转换（有失败记录）,missing_part → 零件数量和种类、必要结构均标为不满足。,2026-07-29T23:53:59.333090+00:00,2026-07-30T00:13:11.652819+00:00
rec_cannon_43b736d0e6ca4ec6a51994baed7055ef,Cannon,A Civil War garrison siege cannon on a four-wheel iron-shod timber carriage. The heavy cylindrical barrel elevates on a revolute trunnion joint at the side c...,否,,,old,满足,满足,满足,,,,满足,满足,,满足,满足,满足,,,,,,旧版350转换（无失败记录）,该案例位于旧版前350条清单中，但旧版失败记录表没有此 Record ID；因此按旧版判定为无失败。仅旧版覆盖的维度写为“满足”，新版新增维度保留“未核验”。,2026-07-29T23:53:59.333090+00:00,2026-07-30T00:13:11.652819+00:00
rec_cannon_676f94a3eca04699a3b3ef0e6201ebb9,Cannon,A naval carronade with a short stubby cast-iron barrel on trunnion revolute joints in a sliding carriage bed that recoils on a prismatic joint along a wooden...,否,,,old,满足,满足,满足,,,,满足,满足,,满足,满足,满足,,,,,,旧版350转换（无失败记录）,该案例位于旧版前350条清单中，但旧版失败记录表没有此 Record ID；因此按旧版判定为无失败。仅旧版覆盖的维度写为“满足”，新版新增维度保留“未核验”。,2026-07-29T23:53:59.333090+00:00,2026-07-30T00:13:11.652819+00:00
rec_cannon_f5639cba1b7f430f9281ca7944890f81,Cannon,A mountain pack howitzer with a short barrel on a split-trail wheeled carriage. The barrel elevates on a revolute trunnion joint at the cradle above the axle...,否,,,old,满足,满足,满足,,,,满足,满足,,满足,满足,满足,,,,,,旧版350转换（无失败记录）,该案例位于旧版前350条清单中，但旧版失败记录表没有此 Record ID；因此按旧版判定为无失败。仅旧版覆盖的维度写为“满足”，新版新增维度保留“未核验”。,2026-07-29T23:53:59.333090+00:00,2026-07-30T00:13:11.652819+00:00
rec_cantilever_articulated_arm_232d080075624b09a6beeac400e87647,Cantilever articulated arm,"A compact service cantilever arm. A single column base carries an upper link, a forelink, and a small terminal tool bracket with visible pin bosses at each b...",否,,,old,满足,满足,满足,,,,满足,满足,,满足,满足,满足,,,,,,旧版350转换（无失败记录）,该案例位于旧版前350条清单中，但旧版失败记录表没有此 Record ID；因此按旧版判定为无失败。仅旧版覆盖的维度写为“满足”，新版新增维度保留“未核验”。,2026-07-29T23:53:59.333090+00:00,2026-07-30T00:13:11.652819+00:00
rec_cantilever_articulated_arm_3194f5a76e4a4ba19de5c63998c9c9be,Cantilever articulated arm,"An overhung mechanical arm with a fixed pedestal and multiple rotary joints reaching outward, using boxed beams and compact actuator housings.",否,,,old,满足,满足,满足,,,,满足,满足,,满足,满足,不满足,,,,wanglin,missing_dynamics,旧版350转换（有失败记录）,missing_dynamics 按旧标准语义映射到可信实体连接或支撑结构。,2026-07-29T23:53:59.333090+00:00,2026-07-30T00:13:11.652819+00:00
rec_cantilever_articulated_arm_33905e19a5ec445dabf9d85e497e917f,Cantilever articulated arm,"A cantilevered articulated arm extending from one side support, with serial revolute joints and stout structural links sized like industrial hardware.",否,,,old,满足,满足,满足,,,,满足,满足,,满足,满足,满足,,,,,,旧版350转换（无失败记录）,该案例位于旧版前350条清单中，但旧版失败记录表没有此 Record ID；因此按旧版判定为无失败。仅旧版覆盖的维度写为“满足”，新版新增维度保留“未核验”。,2026-07-29T23:53:59.333090+00:00,2026-07-30T00:13:11.652819+00:00
rec_cantilever_articulated_arm_e66020a994604556ae4625eb7cf5d2b2,Cantilever articulated arm,"A compact service cantilever arm. A single column base carries an upper link, a forelink, and a small terminal tool bracket with visible pin bosses at each b...",否,,,old,满足,满足,满足,,,,满足,满足,,满足,满足,满足,,,,,,旧版350转换（无失败记录）,该案例位于旧版前350条清单中，但旧版失败记录表没有此 Record ID；因此按旧版判定为无失败。仅旧版覆盖的维度写为“满足”，新版新增维度保留“未核验”。,2026-07-29T23:53:59.333090+00:00,2026-07-30T00:13:11.652819+00:00
rec_car_axles_69899a7d567d4270896b4cfb9ba4a327,Car Axles,A live rear axle with an integral differential housing mid-span and two axle tubes. A pinion input shaft rotates continuously into the differential housing....,否,,,old,满足,满足,满足,,,,满足,满足,,满足,满足,不满足,,,,wanglin,missing_dynamics; unreasonable_prompt,旧版350转换（有失败记录）,missing_dynamics 按旧标准语义映射到可信实体连接或支撑结构。；unreasonable_prompt 在新版中没有直接对应字段，仅保留旧标签和 Viewer 失败结论。,2026-07-29T23:53:59.333090+00:00,2026-07-30T00:13:11.652819+00:00
rec_car_axles_b4297918b12b49d580635fe615ca6511,Car Axles,"A de Dion rear axle with a tubular beam joined at the center by a universal coupling block, and two outer stub spindles each carrying a wheel hub spinning on...",否,,,old,满足,满足,满足,,,,满足,满足,,满足,满足,满足,,,,,,旧版350转换（无失败记录）,该案例位于旧版前350条清单中，但旧版失败记录表没有此 Record ID；因此按旧版判定为无失败。仅旧版覆盖的维度写为“满足”，新版新增维度保留“未核验”。,2026-07-29T23:53:59.333090+00:00,2026-07-30T00:13:11.652819+00:00
rec_car_axles_ccbfeef99d7046dcbfb4a5cb8998c24f,Car Axles,"A front stub-axle kingpin assembly with a rectangular beam axle, two stub spindles on kingpin pivots, and wheel hubs. Each stub spindle revolves on a revolut...",否,,,old,满足,满足,满足,,,,满足,满足,,满足,满足,满足,,,,,,旧版350转换（无失败记录）,该案例位于旧版前350条清单中，但旧版失败记录表没有此 Record ID；因此按旧版判定为无失败。仅旧版覆盖的维度写为“满足”，新版新增维度保留“未核验”。,2026-07-29T23:53:59.333090+00:00,2026-07-30T00:13:11.652819+00:00
rec_car_axles_f303ccb4367242c08a6e75479f8bf8e8,Car Axles,"A full-floating rear axle shaft with a differential housing, two axle tubes, and removable hub-and-drum assemblies. The axle shaft spins continuously inside...",否,,,old,满足,满足,满足,,,,满足,满足,,满足,满足,满足,,,,,,旧版350转换（无失败记录）,该案例位于旧版前350条清单中，但旧版失败记录表没有此 Record ID；因此按旧版判定为无失败。仅旧版覆盖的维度写为“满足”，新版新增维度保留“未核验”。,2026-07-29T23:53:59.333090+00:00,2026-07-30T00:13:11.652819+00:00
rec_car_sunroof_cassette_0003,Car sunroof cassette,"A panoramic two-panel sunroof cassette with a long frame carrying two independent glass panels on shared longitudinal rails, each panel with its own rolling...",否,,,old,满足,满足,满足,,,,满足,满足,,满足,满足,满足,,,,wanglin,unreasonable_prompt,旧版350转换（有失败记录）,unreasonable_prompt 在新版中没有直接对应字段，仅保留旧标签和 Viewer 失败结论。,2026-07-29T23:53:59.333090+00:00,2026-07-30T00:13:11.652819+00:00
rec_car_sunroof_cassette_0005,Car sunroof cassette,"A pop-up sunroof cassette with a flat frame, a glass panel hinged at the front edge on a revolute joint that lifts, and a rear slide section on a prismatic j...",否,,,old,满足,满足,满足,,,,满足,满足,,满足,满足,不满足,,,,wanglin,missing_dynamics; unreasonable_prompt,旧版350转换（有失败记录）,missing_dynamics 按旧标准语义映射到可信实体连接或支撑结构。；unreasonable_prompt 在新版中没有直接对应字段，仅保留旧标签和 Viewer 失败结论。,2026-07-29T23:53:59.333090+00:00,2026-07-30T00:13:11.652819+00:00
rec_car_sunroof_cassette_520aa0bedbcf46449a2216fbca981e03,Car sunroof cassette,"An electric tilt-only moonroof cassette with an aluminium frame, a tempered glass panel that tilts up at the rear on a horizontal revolute hinge at the front...",否,,,old,满足,满足,满足,,,,满足,满足,,满足,满足,满足,,,,wanglin,unreasonable_prompt,旧版350转换（有失败记录）,unreasonable_prompt 在新版中没有直接对应字段，仅保留旧标签和 Viewer 失败结论。,2026-07-29T23:53:59.333090+00:00,2026-07-30T00:13:11.652819+00:00
rec_car_sunroof_cassette_c8665c90272644e7a451338fb9c161f8,Car sunroof cassette,A retractable hard-panel sunroof cassette with a solid aluminum panel that slides rearward and under the roof. The panel slides prismatically on two side gui...,否,,,old,满足,满足,满足,,,,满足,满足,,满足,满足,满足,,,,wanglin,unreasonable_prompt,旧版350转换（有失败记录）,unreasonable_prompt 在新版中没有直接对应字段，仅保留旧标签和 Viewer 失败结论。,2026-07-29T23:53:59.333090+00:00,2026-07-30T00:13:11.652819+00:00
rec_cash_register_8e630c61f7914cae976be2a58b68d610,Cash register,"A pharmacy checkout register with a front cash drawer, a stepped keyboard tower, and a rear pole display on a short neck, plus a dense bank of raised departm...",否,,,old,满足,满足,满足,,,,满足,满足,,,,满足,,,,wanglin,invalid_axis_or_range,旧版350转换（有失败记录）,invalid_axis_or_range 无法区分轴向和范围，两个字段均标为待复核。,2026-07-29T23:53:59.333090+00:00,2026-07-30T00:13:11.652819+00:00
rec_cctv_mast_with_pantilt_camera_head_1a9af5d188f34a32a72697210510cc7e,CCTV mast with pan-tilt camera head,"A freestanding CCTV column with a round steel pole on a square flanged base plate, a side-arm bracket at the column top, and a bullet camera head on the brac...",否,,,old,满足,满足,满足,,,,满足,满足,,满足,满足,不满足,,,,wanglin,missing_dynamics,旧版350转换（有失败记录）,missing_dynamics 按旧标准语义映射到可信实体连接或支撑结构。,2026-07-29T23:53:59.333090+00:00,2026-07-30T00:13:11.652819+00:00
rec_cctv_mast_with_pantilt_camera_head_787a88535eb14187a6f3ef59a98a2b83,CCTV mast with pan-tilt camera head,"A parking structure overhead CCTV mount with a horizontal beam bracket, a fixed drop-rod, and a pan-tilt dome housing. The dome housing pans on a continuous...",否,,,old,满足,满足,满足,,,,满足,满足,,满足,满足,满足,,,,,,旧版350转换（无失败记录）,该案例位于旧版前350条清单中，但旧版失败记录表没有此 Record ID；因此按旧版判定为无失败。仅旧版覆盖的维度写为“满足”，新版新增维度保留“未核验”。,2026-07-29T23:53:59.333090+00:00,2026-07-30T00:13:11.652819+00:00
rec_cctv_mast_with_pantilt_camera_head_7c49d389524c4311ae3d65a6b0ef265c,CCTV mast with pan-tilt camera head,"A rooftop CCTV pole with a square steel base plate, a round fixed-height steel pole, a pan-tilt yoke at the pole top with a vertical revolute pan axis and a...",否,,,old,满足,满足,满足,,,,满足,满足,,满足,满足,满足,,,,,,旧版350转换（无失败记录）,该案例位于旧版前350条清单中，但旧版失败记录表没有此 Record ID；因此按旧版判定为无失败。仅旧版覆盖的维度写为“满足”，新版新增维度保留“未核验”。,2026-07-29T23:53:59.333090+00:00,2026-07-30T00:13:11.652819+00:00
rec_cctv_mast_with_pantilt_camera_head_f99aa949bd6048e7b7b8c106cd62edd0,CCTV mast with pan-tilt camera head,A steel CCTV mast with a round tubular pole on a square base plate and a camera head that pans on a vertical revolute axis and tilts on a horizontal revolute...,否,,,old,满足,满足,满足,,,,满足,满足,,满足,满足,满足,,,,,,旧版350转换（无失败记录）,该案例位于旧版前350条清单中，但旧版失败记录表没有此 Record ID；因此按旧版判定为无失败。仅旧版覆盖的维度写为“满足”，新版新增维度保留“未核验”。,2026-07-29T23:53:59.333090+00:00,2026-07-30T00:13:11.652819+00:00
rec_ceiling_fan_0002,Ceiling fan,"A tropical fan with a cast-iron motor housing in an oil-rubbed bronze finish, five wide flat wooden blades attached to cast blade brackets radiating from the...",否,,,old,满足,满足,满足,,,,满足,满足,,满足,满足,满足,,,,,,旧版350转换（无失败记录）,该案例位于旧版前350条清单中，但旧版失败记录表没有此 Record ID；因此按旧版判定为无失败。仅旧版覆盖的维度写为“满足”，新版新增维度保留“未核验”。,2026-07-29T23:53:59.333090+00:00,2026-07-30T00:13:11.652819+00:00
rec_ceiling_fan_0266d42b04004f48acb8b05d3d50bc1d,Ceiling fan,A contemporary four-blade metal ceiling fan with a round motor housing on an angled downrod and four curved metal blades. The blade assembly rotates continuo...,否,,,old,满足,满足,满足,,,,满足,满足,,满足,满足,满足,,,,,,旧版350转换（无失败记录）,该案例位于旧版前350条清单中，但旧版失败记录表没有此 Record ID；因此按旧版判定为无失败。仅旧版覆盖的维度写为“满足”，新版新增维度保留“未核验”。,2026-07-29T23:53:59.333090+00:00,2026-07-30T00:13:11.652819+00:00
rec_ceiling_fan_6e4c49ac057b46b59aebd5e6d7cf7273,Ceiling fan,A farmhouse three-blade ceiling fan with a galvanized rectangular motor housing and three wide reclaimed-wood blades on flat blade irons. The blade assembly...,否,,,old,满足,满足,满足,,,,满足,满足,,满足,满足,满足,,,,,,旧版350转换（无失败记录）,该案例位于旧版前350条清单中，但旧版失败记录表没有此 Record ID；因此按旧版判定为无失败。仅旧版覆盖的维度写为“满足”，新版新增维度保留“未核验”。,2026-07-29T23:53:59.333090+00:00,2026-07-30T00:13:11.652819+00:00
rec_ceiling_fan_ff5e6efbb30c43cbacd14523738d2f30,Ceiling fan,"A traditional five-blade wooden ceiling fan with a round canopy, a short downrod, a cylindrical motor housing, and five flat rectangular blades on blade iron...",否,,,old,满足,满足,满足,,,,满足,满足,,满足,满足,满足,,,,,,旧版350转换（无失败记录）,该案例位于旧版前350条清单中，但旧版失败记录表没有此 Record ID；因此按旧版判定为无失败。仅旧版覆盖的维度写为“满足”，新版新增维度保留“未核验”。,2026-07-29T23:53:59.333090+00:00,2026-07-30T00:13:11.652819+00:00
rec_ceiling_light_fixture_032cad4def9c4f6899909f5cad176b65,Ceiling light fixture,A flush-mount oyster ceiling light with a round flat housing and a glass bowl diffuser cover that swings down on two side revolute hinge pins for bulb access.,否,,,old,满足,满足,满足,,,,满足,满足,,满足,满足,满足,,,,,,旧版350转换（无失败记录）,该案例位于旧版前350条清单中，但旧版失败记录表没有此 Record ID；因此按旧版判定为无失败。仅旧版覆盖的维度写为“满足”，新版新增维度保留“未核验”。,2026-07-29T23:53:59.333090+00:00,2026-07-30T00:13:11.652819+00:00
rec_ceiling_light_fixture_491ed21f6a5f4327aef7c8340e3df516,Ceiling light fixture,A kitchen island multi-pendant track bar with a long rectangular ceiling rail and five adjustable pendant cords. The rail is fixed to the ceiling. Each penda...,否,,,old,满足,满足,满足,,,,满足,满足,,满足,满足,满足,,,,,,旧版350转换（无失败记录）,该案例位于旧版前350条清单中，但旧版失败记录表没有此 Record ID；因此按旧版判定为无失败。仅旧版覆盖的维度写为“满足”，新版新增维度保留“未核验”。,2026-07-29T23:53:59.333090+00:00,2026-07-30T00:13:11.652819+00:00
rec_ceiling_light_fixture_644537be25d14e18be8eb088649fcd1f,Ceiling light fixture,"A vintage Edison pull-chain pendant with a round canopy, an adjustable cord, and a filament bulb housing. The cord length adjusts on a prismatic grip at the...",否,,,old,满足,满足,满足,,,,满足,满足,,满足,满足,满足,,,,wanglin,unreasonable_prompt,旧版350转换（有失败记录）,unreasonable_prompt 在新版中没有直接对应字段，仅保留旧标签和 Viewer 失败结论。,2026-07-29T23:53:59.333090+00:00,2026-07-30T00:13:11.652819+00:00
rec_ceiling_light_fixture_adef192b4bd141ab8f2b2e5994e8d5c6,Ceiling light fixture,"A realistic, highly detailed ceiling light fixture with a compact ceiling mount, a layered light housing, and a believable residential or commercial fixture...",否,,,old,满足,满足,满足,,,,满足,满足,,满足,满足,满足,,,,,,旧版350转换（无失败记录）,该案例位于旧版前350条清单中，但旧版失败记录表没有此 Record ID；因此按旧版判定为无失败。仅旧版覆盖的维度写为“满足”，新版新增维度保留“未核验”。,2026-07-29T23:53:59.333090+00:00,2026-07-30T00:13:11.652819+00:00
rec_ceiling_light_fixture_afb0526107ef4a7b93ac9cd25fbb87f9,Ceiling light fixture,A flush mount ceiling fixture with a square base and a pivoting inner light panel on a shallow gimbal. The inner light panel tilts on a horizontal hinge with...,否,,,old,满足,满足,满足,,,,满足,满足,,满足,满足,不满足,,,,wanglin,missing_dynamics,旧版350转换（有失败记录）,missing_dynamics 按旧标准语义映射到可信实体连接或支撑结构。,2026-07-29T23:53:59.333090+00:00,2026-07-30T00:13:11.652819+00:00
rec_ceiling_light_fixture_ba19e13ab97145cdae2c827e084e0b41,Ceiling light fixture,"A semi-flush branch light with a round canopy, five short adjustable stems, and exposed bulb sockets at the ends. The five stems rotate independently on hing...",否,,,old,满足,满足,满足,,,,满足,满足,,满足,满足,满足,,,,,,旧版350转换（无失败记录）,该案例位于旧版前350条清单中，但旧版失败记录表没有此 Record ID；因此按旧版判定为无失败。仅旧版覆盖的维度写为“满足”，新版新增维度保留“未核验”。,2026-07-29T23:53:59.333090+00:00,2026-07-30T00:13:11.652819+00:00
rec_centrifugal_juicer_with_articulated_components_cca804025405416a97559f05f85f025e,Centrifugal juicer with articulated components,"A countertop centrifugal juicer with a rounded base housing, a clear upper lid, and a cylindrical feed pusher that slides vertically in the top chute. A rota...",否,,,old,满足,满足,满足,,,,满足,满足,,满足,满足,不满足,,,,wanglin,missing_dynamics,旧版350转换（有失败记录）,missing_dynamics 按旧标准语义映射到可信实体连接或支撑结构。,2026-07-29T23:53:59.333090+00:00,2026-07-30T00:13:11.652819+00:00
rec_centrifugal_juicer_with_articulated_components_e6ca607d17384ea78201b55426b518cc,Centrifugal juicer with articulated components,"A tall household juicer with a broad clear lid, a long feed pusher, and two locking arms rising from the left and right shoulders of the base. A selector kno...",否,,,old,满足,满足,满足,,,,满足,满足,,满足,满足,满足,,,,,,旧版350转换（无失败记录）,该案例位于旧版前350条清单中，但旧版失败记录表没有此 Record ID；因此按旧版判定为无失败。仅旧版覆盖的维度写为“满足”，新版新增维度保留“未核验”。,2026-07-29T23:53:59.333090+00:00,2026-07-30T00:13:11.652819+00:00
rec_centrifugal_juicer_with_articulated_components_eef762714dac4ef5b6189cf8f714cfd6,Centrifugal juicer with articulated components,"A wide-feed juicer with a broad rectangular base, a large clear lid, and a wide pusher block that moves vertically through the top feed opening. A hinged sec...",否,,,old,满足,满足,满足,,,,不满足,满足,,满足,满足,满足,,,,wanglin,reversed_parent_child,旧版350转换（有失败记录）,reversed_parent_child → 父子关系与连接对象标为不满足。,2026-07-29T23:53:59.333090+00:00,2026-07-30T00:13:11.652819+00:00
rec_chest_freezer_with_hinged_lid_0edc6ee227354e42a973430e86b07e9d,Chest freezer with hinged lid,"A countertop bar chest cooler with a compact rectangular body and a hinged lid with a chrome rail frame, pivoting on two rear knuckle revolute hinges and sec...",否,,,old,满足,满足,满足,,,,满足,满足,,满足,满足,满足,,,,,,旧版350转换（无失败记录）,该案例位于旧版前350条清单中，但旧版失败记录表没有此 Record ID；因此按旧版判定为无失败。仅旧版覆盖的维度写为“满足”，新版新增维度保留“未核验”。,2026-07-29T23:53:59.333090+00:00,2026-07-30T00:13:11.652819+00:00
rec_chest_freezer_with_hinged_lid_83e0620872c64221b8532761ae71e5f7,Chest freezer with hinged lid,"A countertop bar chest cooler with a compact rectangular body and a hinged lid with a chrome rail frame, pivoting on two rear knuckle revolute hinges and sec...",否,,,old,满足,满足,满足,,,,满足,满足,,满足,满足,满足,,,,,,旧版350转换（无失败记录）,该案例位于旧版前350条清单中，但旧版失败记录表没有此 Record ID；因此按旧版判定为无失败。仅旧版覆盖的维度写为“满足”，新版新增维度保留“未核验”。,2026-07-29T23:53:59.333090+00:00,2026-07-30T00:13:11.652819+00:00
rec_chest_freezer_with_hinged_lid_a41f1625ddf14beeb1ebb414a8356e8f,Chest freezer with hinged lid,A glass-top display chest freezer with a wide merchandising body and a sliding glass lid panel on prismatic guide rails at the top rim.,否,,,old,满足,满足,满足,,,,满足,满足,,满足,满足,满足,,,,,,旧版350转换（无失败记录）,该案例位于旧版前350条清单中，但旧版失败记录表没有此 Record ID；因此按旧版判定为无失败。仅旧版覆盖的维度写为“满足”，新版新增维度保留“未核验”。,2026-07-29T23:53:59.333090+00:00,2026-07-30T00:13:11.652819+00:00
rec_chest_freezer_with_hinged_lid_f78a6ca36ffa4018b12af601ffa891d0,Chest freezer with hinged lid,A laboratory sample chest freezer with an insulated rectangular body and a heavy hinged lid with a pressure seal. The lid opens on two revolute hinge knuckle...,否,,,old,满足,满足,满足,,,,满足,满足,,满足,满足,满足,,,,,,旧版350转换（无失败记录）,该案例位于旧版前350条清单中，但旧版失败记录表没有此 Record ID；因此按旧版判定为无失败。仅旧版覆盖的维度写为“满足”，新版新增维度保留“未核验”。,2026-07-29T23:53:59.333090+00:00,2026-07-30T00:13:11.652819+00:00
rec_clamp_meter_with_hinged_jaw_and_rotary_selector_cfef790ebb97462b9e3010ec0de52710,Clamp meter with hinged jaw and rotary selector,"A heavy-duty power clamp meter with a wide circular jaw opening, a thick insulated body, a rear kickstand, and a front control bank with four rectangular but...",否,,,old,满足,满足,满足,,,,满足,满足,,,,满足,,,,wanglin,invalid_axis_or_range,旧版350转换（有失败记录）,invalid_axis_or_range 无法区分轴向和范围，两个字段均标为待复核。,2026-07-29T23:53:59.333090+00:00,2026-07-30T00:13:11.652819+00:00
rec_clock_tower_with_rotating_hour_and_minute_hands_08ab090df8e646d9b5321cb2792c3439,Clock tower with rotating hour and minute hands,"A campanile free-standing cylindrical clock tower with a round shaft, a belfry top, and a single clock face. The clock minute hand rotates continuously. The...",否,,,old,满足,满足,满足,,,,满足,满足,,满足,满足,满足,,,,,,旧版350转换（无失败记录）,该案例位于旧版前350条清单中，但旧版失败记录表没有此 Record ID；因此按旧版判定为无失败。仅旧版覆盖的维度写为“满足”，新版新增维度保留“未核验”。,2026-07-29T23:53:59.333090+00:00,2026-07-30T00:13:11.652819+00:00
rec_clock_tower_with_rotating_hour_and_minute_hands_3594f9bef9ef4f5386a31284200c563f,Clock tower with rotating hour and minute hands,"A Gothic stone clock tower with a square tapering shaft, pointed-arch belfry tier openings, and a round clock face at the tower top with hour and minute hand...",否,,,old,满足,满足,满足,,,,满足,满足,,满足,满足,满足,,,,,,旧版350转换（无失败记录）,该案例位于旧版前350条清单中，但旧版失败记录表没有此 Record ID；因此按旧版判定为无失败。仅旧版覆盖的维度写为“满足”，新版新增维度保留“未核验”。,2026-07-29T23:53:59.333090+00:00,2026-07-30T00:13:11.652819+00:00
rec_clock_tower_with_rotating_hour_and_minute_hands_89a4bced8c8b4ae0842c9b508c84d146,Clock tower with rotating hour and minute hands,"A heritage street platform clock on a slim round fluted cast-iron column, a double-sided clock housing at the column top with a clock face on each side, and...",否,,,old,满足,满足,满足,,,,满足,满足,,满足,满足,满足,,,,,,旧版350转换（无失败记录）,该案例位于旧版前350条清单中，但旧版失败记录表没有此 Record ID；因此按旧版判定为无失败。仅旧版覆盖的维度写为“满足”，新版新增维度保留“未核验”。,2026-07-29T23:53:59.333090+00:00,2026-07-30T00:13:11.652819+00:00
rec_clock_tower_with_rotating_hour_and_minute_hands_b6e37591c52f4900a93292cf36379418,Clock tower with rotating hour and minute hands,"A Victorian civic clock tower with a square stone shaft, a corbelled clock stage, and clock faces with hour and minute hands on revolute pivot joints.",否,,,old,满足,满足,满足,,,,满足,满足,,满足,满足,满足,,,,,,旧版350转换（无失败记录）,该案例位于旧版前350条清单中，但旧版失败记录表没有此 Record ID；因此按旧版判定为无失败。仅旧版覆盖的维度写为“满足”，新版新增维度保留“未核验”。,2026-07-29T23:53:59.333090+00:00,2026-07-30T00:13:11.652819+00:00
rec_coaxial_rotary_stack_7148f7f3d10b45559abdcaf96f99e935,Coaxial rotary stack,"A nested ring turntable with a low platter, a thick intermediate ring, and a compact upper fixture cup carried on the same upright centerline. Each concentri...",否,,,old,满足,满足,满足,,,,满足,满足,,满足,满足,满足,,,,,,旧版350转换（无失败记录）,该案例位于旧版前350条清单中，但旧版失败记录表没有此 Record ID；因此按旧版判定为无失败。仅旧版覆盖的维度写为“满足”，新版新增维度保留“未核验”。,2026-07-29T23:53:59.333090+00:00,2026-07-30T00:13:11.652819+00:00
rec_coaxial_rotary_stack_7536956746ff4394be38dad2302ceed1,Coaxial rotary stack,"A collared coaxial rotary head. A grounded base cup supports stacked circular stages separated by visible collars, with the top stage ending in a plain tooli...",否,,,old,满足,满足,满足,,,,满足,满足,,满足,满足,满足,,,,,,旧版350转换（无失败记录）,该案例位于旧版前350条清单中，但旧版失败记录表没有此 Record ID；因此按旧版判定为无失败。仅旧版覆盖的维度写为“满足”，新版新增维度保留“未核验”。,2026-07-29T23:53:59.333090+00:00,2026-07-30T00:13:11.652819+00:00
rec_coaxial_rotary_stack_77213109f65e4e73b23d2100fd02e6b6,Coaxial rotary stack,"A collared coaxial rotary head. A grounded base cup supports stacked circular stages separated by visible collars, with the top stage ending in a plain tooli...",否,,,old,满足,满足,满足,,,,满足,满足,,满足,满足,满足,,,,,,旧版350转换（无失败记录）,该案例位于旧版前350条清单中，但旧版失败记录表没有此 Record ID；因此按旧版判定为无失败。仅旧版覆盖的维度写为“满足”，新版新增维度保留“未核验”。,2026-07-29T23:53:59.333090+00:00,2026-07-30T00:13:11.652819+00:00
rec_coaxial_rotary_stack_8982768a660843219de4e16a4bec0755,Coaxial rotary stack,"A compact rotary indexing stack. Nested circular stages sit on one vertical shaft with a base turntable, a middle ring, and a top flange for tooling. The bas...",否,,,old,满足,满足,满足,,,,满足,满足,,满足,满足,满足,,,,,,旧版350转换（无失败记录）,该案例位于旧版前350条清单中，但旧版失败记录表没有此 Record ID；因此按旧版判定为无失败。仅旧版覆盖的维度写为“满足”，新版新增维度保留“未核验”。,2026-07-29T23:53:59.333090+00:00,2026-07-30T00:13:11.652819+00:00
rec_conventional_oven_with_dropdown_door_2df979bdb12b4537b5fa36651c282144,Conventional oven with drop-down door,"A built-in wall oven with a tall rectangular stainless-steel housing set flush into a cabinet surround, a glass-panel door on a full-width bottom revolute hi...",否,,,old,满足,满足,满足,,,,满足,满足,,满足,满足,满足,,,,wanglin,unreasonable_prompt,旧版350转换（有失败记录）,unreasonable_prompt 在新版中没有直接对应字段，仅保留旧标签和 Viewer 失败结论。,2026-07-29T23:53:59.333090+00:00,2026-07-30T00:13:11.652819+00:00
rec_conventional_oven_with_dropdown_door_801e83d423104d16bd13ed5b11490481,Conventional oven with drop-down door,"A compact countertop toaster oven with a rectangular housing, a drop-down front door on a bottom revolute hinge with a chrome bar handle, and a slide-out cru...",否,,,old,满足,满足,满足,,,,满足,满足,,满足,满足,不满足,,,,wanglin,missing_dynamics,旧版350转换（有失败记录）,missing_dynamics 按旧标准语义映射到可信实体连接或支撑结构。,2026-07-29T23:53:59.333090+00:00,2026-07-30T00:13:11.652819+00:00
rec_conventional_oven_with_dropdown_door_dd8ba4fbcf514c61813654e4f2605468,Conventional oven with drop-down door,"A rotisserie oven with a wide rectangular stainless housing, a drop-down glass-panel door on a bottom revolute hinge with a bar handle, and an internal rotis...",否,,,old,满足,满足,满足,,,,满足,满足,,满足,满足,满足,,,,,,旧版350转换（无失败记录）,该案例位于旧版前350条清单中，但旧版失败记录表没有此 Record ID；因此按旧版判定为无失败。仅旧版覆盖的维度写为“满足”，新版新增维度保留“未核验”。,2026-07-29T23:53:59.333090+00:00,2026-07-30T00:13:11.652819+00:00
rec_conventional_oven_with_dropdown_door_f41ca42c843a488eab568da448214a29,Conventional oven with drop-down door,"A combination microwave-oven with a wide rectangular housing, a front door that swings sideways, and a rotating glass turntable inside. The microwave door sw...",否,,,old,满足,满足,满足,,,,满足,满足,,满足,满足,满足,,,,wanglin,unreasonable_prompt,旧版350转换（有失败记录）,unreasonable_prompt 在新版中没有直接对应字段，仅保留旧标签和 Viewer 失败结论。,2026-07-29T23:53:59.333090+00:00,2026-07-30T00:13:11.652819+00:00
rec_crane_tower_00a7bb81b06145a8887ce637a87c8c6b,Crane tower,"A tower crane with a vertical mast, a horizontal jib and counter-jib, a slewing ring at the mast top on a vertical revolute joint, and a trolley sliding on a...",否,,,old,满足,满足,满足,,,,满足,满足,,满足,满足,满足,,,,,,旧版350转换（无失败记录）,该案例位于旧版前350条清单中，但旧版失败记录表没有此 Record ID；因此按旧版判定为无失败。仅旧版覆盖的维度写为“满足”，新版新增维度保留“未核验”。,2026-07-29T23:53:59.333090+00:00,2026-07-30T00:13:11.652819+00:00
rec_crane_tower_4c331560b98145f9b6f8d8d64e6883c5,Crane tower,"A luffer-jib tower crane with a square lattice mast, a luffing jib arm hinged at the mast top on a horizontal revolute joint for variable jib elevation, a sh...",否,,,old,满足,满足,满足,,,,满足,满足,,满足,满足,满足,,,,,,旧版350转换（无失败记录）,该案例位于旧版前350条清单中，但旧版失败记录表没有此 Record ID；因此按旧版判定为无失败。仅旧版覆盖的维度写为“满足”，新版新增维度保留“未核验”。,2026-07-29T23:53:59.333090+00:00,2026-07-30T00:13:11.652819+00:00
rec_crane_tower_b6dd31f4f0fe4751802eefdc2e8567ec,Crane tower,"A luffer-jib tower crane with a square lattice mast, a luffing jib arm hinged at the mast top on a horizontal revolute joint for variable jib elevation, a sh...",否,,,old,满足,满足,满足,,,,满足,满足,,满足,满足,满足,,,,,,旧版350转换（无失败记录）,该案例位于旧版前350条清单中，但旧版失败记录表没有此 Record ID；因此按旧版判定为无失败。仅旧版覆盖的维度写为“满足”，新版新增维度保留“未核验”。,2026-07-29T23:53:59.333090+00:00,2026-07-30T00:13:11.652819+00:00
rec_create-a-realistic-articulated-desk-lamp-with-a-_20260514_221150_836652_f0074cc6,Articulated task lamp,"Create a realistic articulated desk lamp with a weighted base, two hinged arms, and an adjustable lamp head.",否,,,old,满足,满足,满足,,,,满足,满足,,满足,满足,满足,,,,,,旧版350转换（无失败记录）,该案例位于旧版前350条清单中，但旧版失败记录表没有此 Record ID；因此按旧版判定为无失败。仅旧版覆盖的维度写为“满足”，新版新增维度保留“未核验”。,2026-07-29T23:53:59.333090+00:00,2026-07-30T00:13:11.652819+00:00
rec_create-a-realistic-mechanical-keyboard-the-keybo_20260322_135414_609879_391de2ff,Keyboard,Create a realistic mechanical keyboard. The keyborad has a typical 80% layout and a usb-c port for connectivity. It should have individual cherry mechanical...,否,,,old,满足,满足,满足,,,,满足,满足,,,,满足,,,,wanglin,invalid_axis_or_range,旧版350转换（有失败记录）,invalid_axis_or_range 无法区分轴向和范围，两个字段均标为待复核。,2026-07-29T23:53:59.333090+00:00,2026-07-30T00:13:11.652819+00:00
rec_dehumidifier_with_pullout_water_bucket_b9402722fdb040e0b7d47876394ae556,Dehumidifier with pullout water bucket,"A rounded-front dehumidifier with a pullout lower tank, a top outlet louver flap, and a front control strip with four preset buttons beside a mode dial. The...",否,,,old,满足,满足,满足,,,,满足,满足,,满足,满足,满足,,,抽屉漏缝,wanglin,unreasonable_prompt,旧版350转换（有失败记录）,unreasonable_prompt 在新版中没有直接对应字段，仅保留旧标签和 Viewer 失败结论。,2026-07-29T23:53:59.333090+00:00,2026-07-30T00:13:11.652819+00:00
rec_desk_with_drawer_0006,Desk with drawer,"A Scandinavian desk with a solid wood top, slim steel legs, and a floating side drawer unit with two drawers on prismatic rails.",否,,,old,满足,满足,满足,,,,满足,满足,,满足,满足,满足,,,,,,旧版350转换（无失败记录）,该案例位于旧版前350条清单中，但旧版失败记录表没有此 Record ID；因此按旧版判定为无失败。仅旧版覆盖的维度写为“满足”，新版新增维度保留“未核验”。,2026-07-29T23:53:59.333090+00:00,2026-07-30T00:13:11.652819+00:00
rec_desk_with_drawer_005a4eef8c9847ca84a2505b94558ba4,Desk with drawer,"A narrow console desk with a slim top, one center drawer, and a hinged rear cable flap spanning the back edge. The drawer slides prismatically on short inter...",否,,,old,满足,满足,满足,,,,满足,满足,,满足,满足,满足,,,,,,旧版350转换（无失败记录）,该案例位于旧版前350条清单中，但旧版失败记录表没有此 Record ID；因此按旧版判定为无失败。仅旧版覆盖的维度写为“满足”，新版新增维度保留“未核验”。,2026-07-29T23:53:59.333090+00:00,2026-07-30T00:13:11.652819+00:00
rec_desk_with_drawer_080d35e112de4872b245dcf5fb34dead,Desk with drawer,"A pedestal writing desk with a wide rectangular top, three left-pedestal drawers on prismatic guide rails stacked vertically with recessed oval pull handles,...",否,,,old,满足,满足,满足,,,,满足,满足,,满足,满足,满足,,,,,,旧版350转换（无失败记录）,该案例位于旧版前350条清单中，但旧版失败记录表没有此 Record ID；因此按旧版判定为无失败。仅旧版覆盖的维度写为“满足”，新版新增维度保留“未核验”。,2026-07-29T23:53:59.333090+00:00,2026-07-30T00:13:11.652819+00:00
rec_desk_with_drawer_5365c5dc19f442b59e3d4049e8c6866d,Desk with drawer,"A secretary drop-front desk with a rectangular cabinet body, a hinged drop-front writing leaf on a revolute hinge at the bottom body edge that opens flat to...",否,,,old,满足,满足,满足,,,,满足,满足,,满足,满足,满足,,,,,,旧版350转换（无失败记录）,该案例位于旧版前350条清单中，但旧版失败记录表没有此 Record ID；因此按旧版判定为无失败。仅旧版覆盖的维度写为“满足”，新版新增维度保留“未核验”。,2026-07-29T23:53:59.333090+00:00,2026-07-30T00:13:11.652819+00:00
rec_desk_with_drawer_84526e82e9694d718ef7210bbecba625,Desk with drawer,"An industrial pipe-frame desk with a steel tube frame, a flat top, and a single wide drawer with a drop-front bin panel. The drawer slides prismatically in u...",否,,,old,满足,满足,满足,,,,满足,满足,,满足,满足,不满足,,,,wanglin,missing_dynamics,旧版350转换（有失败记录）,missing_dynamics 按旧标准语义映射到可信实体连接或支撑结构。,2026-07-29T23:53:59.333090+00:00,2026-07-30T00:13:11.652819+00:00
rec_desk_with_drawer_e1b8a6092e814d0dac234259530b04a1,Desk with drawer,"A pedestal writing desk with a wide rectangular top, three left-pedestal drawers on prismatic guide rails stacked vertically with recessed oval pull handles,...",否,,,old,满足,满足,满足,,,,满足,满足,,满足,满足,满足,,,,,,旧版350转换（无失败记录）,该案例位于旧版前350条清单中，但旧版失败记录表没有此 Record ID；因此按旧版判定为无失败。仅旧版覆盖的维度写为“满足”，新版新增维度保留“未核验”。,2026-07-29T23:53:59.333090+00:00,2026-07-30T00:13:11.652819+00:00
rec_desk_with_drawer_f501fa6314234eef8059e2963e8e7cec,Desk with drawer,A drafting table with a wide tilting top and a single storage drawer under the frame. The tabletop tilts on a revolute hinge at the rear top edge. The drawer...,否,,,old,满足,满足,满足,,,,满足,满足,,满足,满足,满足,,,,,,旧版350转换（无失败记录）,该案例位于旧版前350条清单中，但旧版失败记录表没有此 Record ID；因此按旧版判定为无失败。仅旧版覆盖的维度写为“满足”，新版新增维度保留“未核验”。,2026-07-29T23:53:59.333090+00:00,2026-07-30T00:13:11.652819+00:00
rec_desktop_monitor_with_tilt_swivel_stand_6787a4db6fa44b9390eeb29b8bdc23be,Desktop monitor with tilt swivel stand,"A 24-inch office desktop monitor with a rectangular display shell, a slim central neck, and a flat pedestal base, plus a rear cable-cover door on the stand s...",否,,,old,满足,满足,满足,,,,满足,满足,,满足,满足,满足,,,,,,旧版350转换（无失败记录）,该案例位于旧版前350条清单中，但旧版失败记录表没有此 Record ID；因此按旧版判定为无失败。仅旧版覆盖的维度写为“满足”，新版新增维度保留“未核验”。,2026-07-29T23:53:59.333090+00:00,2026-07-30T00:13:11.652819+00:00
rec_desktop_monitor_with_tilt_swivel_stand_9cb5dd83967b4b9d8a69dd2af10cb773,Desktop monitor with tilt swivel stand,"A gaming monitor with a broad screen, a V-shaped base, and a stand that supports height, swivel, and portrait rotation. The display mounts to a rear stand he...",否,,,old,满足,满足,满足,,,,满足,满足,,满足,满足,满足,,,,,,旧版350转换（无失败记录）,该案例位于旧版前350条清单中，但旧版失败记录表没有此 Record ID；因此按旧版判定为无失败。仅旧版覆盖的维度写为“满足”，新版新增维度保留“未核验”。,2026-07-29T23:53:59.333090+00:00,2026-07-30T00:13:11.652819+00:00
rec_desktop_monitor_with_tilt_swivel_stand_e8e81ca1ac454e92b6947abb1b453b51,Desktop monitor with tilt swivel stand,"A curved gaming monitor with a wide display shell, a split rear yoke, and a tripod-style base, plus a power rocker and three menu buttons at the underside of...",否,,,old,满足,满足,满足,,,,满足,满足,,满足,满足,满足,,,,,,旧版350转换（无失败记录）,该案例位于旧版前350条清单中，但旧版失败记录表没有此 Record ID；因此按旧版判定为无失败。仅旧版覆盖的维度写为“满足”，新版新增维度保留“未核验”。,2026-07-29T23:53:59.333090+00:00,2026-07-30T00:13:11.652819+00:00
rec_desktop_monitor_with_tilt_swivel_stand_f8f009d410b84ccebb9e927c7efab29e,Desktop monitor with tilt swivel stand,"A premium desktop monitor with a thin display shell, a broad stand column, and a heavy base plate, plus a small bank of menu buttons under the lower bezel. t...",否,,,old,满足,满足,满足,,,,满足,满足,,满足,满足,满足,,,,,,旧版350转换（无失败记录）,该案例位于旧版前350条清单中，但旧版失败记录表没有此 Record ID；因此按旧版判定为无失败。仅旧版覆盖的维度写为“满足”，新版新增维度保留“未核验”。,2026-07-29T23:53:59.333090+00:00,2026-07-30T00:13:11.652819+00:00
rec_desktop_pc_tower_0001,Desktop PC tower,"A realistic, highly detailed desktop PC tower with a rectangular chassis, side panel, front intake geometry, rear I/O area, and a believable enthusiast-compu...",否,,,old,满足,满足,满足,,,,满足,满足,,满足,满足,满足,,,,,,旧版350转换（无失败记录）,该案例位于旧版前350条清单中，但旧版失败记录表没有此 Record ID；因此按旧版判定为无失败。仅旧版覆盖的维度写为“满足”，新版新增维度保留“未核验”。,2026-07-29T23:53:59.333090+00:00,2026-07-30T00:13:11.652819+00:00
rec_desktop_pc_tower_0002,Desktop PC tower,"A realistic, highly detailed desktop PC tower with a rectangular chassis, side panel, front intake geometry, rear I/O area, and a believable enthusiast-compu...",否,,,old,满足,满足,满足,,,,满足,满足,,满足,满足,满足,,,,,,旧版350转换（无失败记录）,该案例位于旧版前350条清单中，但旧版失败记录表没有此 Record ID；因此按旧版判定为无失败。仅旧版覆盖的维度写为“满足”，新版新增维度保留“未核验”。,2026-07-29T23:53:59.333090+00:00,2026-07-30T00:13:11.652819+00:00
rec_desktop_pc_tower_a48b7e1976294c9f96c8b771c85e04b1,Desktop PC tower,"An extended ATX full-tower with a tall rectangular body, a hinged side panel, a swing-out drive cage, and a hinged top exhaust cover. The main side panel ope...",否,,,old,满足,满足,满足,,,,满足,满足,,满足,满足,不满足,,,,wanglin,missing_dynamics,旧版350转换（有失败记录）,missing_dynamics 按旧标准语义映射到可信实体连接或支撑结构。,2026-07-29T23:53:59.333090+00:00,2026-07-30T00:13:11.652819+00:00
rec_desktop_pencil_sharpener_with_hand_crank_and_drawer_28ffa4ea761842ae842943358a6111f2,Desktop pencil sharpener with hand crank and drawer,"A vintage-style desktop pencil sharpener with a tall metal housing, a rear-leaning hand crank, a front shavings drawer, and a rounded free-spinning knob at t...",否,,,old,满足,不满足,不满足,,,,满足,满足,,满足,满足,满足,,,,wanglin,missing_part,旧版350转换（有失败记录）,missing_part → 零件数量和种类、必要结构均标为不满足。,2026-07-29T23:53:59.333090+00:00,2026-07-30T00:13:11.652819+00:00
rec_desktop_pencil_sharpener_with_hand_crank_and_drawer_94b556cebfd148b08ca98b244008ad36,Desktop pencil sharpener with hand crank and drawer,"A premium desktop pencil sharpener with a rectangular body, a folding side crank, a front drawer with a finger pull, and a clean circular pencil port in the...",否,,,old,满足,不满足,不满足,,,,满足,满足,,满足,满足,满足,,,,wanglin,missing_part,旧版350转换（有失败记录）,missing_part → 零件数量和种类、必要结构均标为不满足。,2026-07-29T23:53:59.333090+00:00,2026-07-30T00:13:11.652819+00:00
rec_digital_multimeter_with_tilt_stand_and_rotary_selector_d94d266811334ab8b3db9ff5db0c18d5,Digital multimeter with tilt stand and rotary selector,"A rugged autoranging digital multimeter with a boxy main body, a broad LCD bezel, a central range dial, and a rear kickstand with a shallow angle stop. The r...",否,,,old,满足,不满足,不满足,,,,满足,满足,,满足,满足,满足,,,,wanglin,missing_part,旧版350转换（有失败记录）,missing_part → 零件数量和种类、必要结构均标为不满足。,2026-07-29T23:53:59.333090+00:00,2026-07-30T00:13:11.652819+00:00
rec_dishwasher_with_dropdown_door_and_sliding_racks_2fcd8639e5af4667a778aefdf4456d61,Dishwasher with dropdown door and sliding racks,"A European-style built-in dishwasher with a flat front, a dropdown door, two deep sliding racks, a narrow top cutlery tray, and a concealed top-edge control...",否,,,old,满足,满足,满足,,,,满足,满足,,满足,满足,满足,,,,,,旧版350转换（无失败记录）,该案例位于旧版前350条清单中，但旧版失败记录表没有此 Record ID；因此按旧版判定为无失败。仅旧版覆盖的维度写为“满足”，新版新增维度保留“未核验”。,2026-07-29T23:53:59.333090+00:00,2026-07-30T00:13:11.652819+00:00
rec_dishwasher_with_dropdown_door_and_sliding_racks_c5e1fea68689460f9170ba73efb04f9d,Dishwasher with dropdown door and sliding racks,"A contemporary built-in dishwasher with a concealed top strip, two sliding racks, and twin fold-down mug shelves integrated into the upper rack. The dropdown...",否,,,old,满足,满足,满足,,,,满足,满足,,满足,满足,满足,,,,,,旧版350转换（无失败记录）,该案例位于旧版前350条清单中，但旧版失败记录表没有此 Record ID；因此按旧版判定为无失败。仅旧版覆盖的维度写为“满足”，新版新增维度保留“未核验”。,2026-07-29T23:53:59.333090+00:00,2026-07-30T00:13:11.652819+00:00
rec_display_freezer_with_sliding_glass_lids_1b524a9e5d934ff49e292e8dba5b660a,Display freezer with sliding glass lids,A convenience freezer with two glass top sliders and a side lock flap. The short insulated cabinet has two top lid panels moving on rails and a small lock co...,否,,,old,满足,满足,满足,,,,满足,满足,,满足,满足,满足,,,,,,旧版350转换（无失败记录）,该案例位于旧版前350条清单中，但旧版失败记录表没有此 Record ID；因此按旧版判定为无失败。仅旧版覆盖的维度写为“满足”，新版新增维度保留“未核验”。,2026-07-29T23:53:59.333090+00:00,2026-07-30T00:13:11.652819+00:00
rec_display_freezer_with_sliding_glass_lids_254bdb1a218647c7964714d308084b3a,Display freezer with sliding glass lids,"A compact display freezer with two framed glass sliders, a deep tub body, and a small drain-cover flap near one lower corner, plus a side lock flap over the...",否,,,old,满足,满足,满足,,,,满足,满足,,满足,满足,满足,,,,wanglin,unreasonable_prompt,旧版350转换（有失败记录）,unreasonable_prompt 在新版中没有直接对应字段，仅保留旧标签和 Viewer 失败结论。,2026-07-29T23:53:59.333090+00:00,2026-07-30T00:13:11.652819+00:00
rec_display_freezer_with_sliding_glass_lids_447aef33d0e94477870b027d75357c47,Display freezer with sliding glass lids,"A supermarket island display freezer with two framed sliding glass lids over a long insulated tub, plus a side lock flap over the key cylinder. the lid panel...",否,,,old,满足,满足,满足,,,,满足,满足,,满足,满足,满足,,,,wanglin,unreasonable_prompt,旧版350转换（有失败记录）,unreasonable_prompt 在新版中没有直接对应字段，仅保留旧标签和 Viewer 失败结论。,2026-07-29T23:53:59.333090+00:00,2026-07-30T00:13:11.652819+00:00
rec_display_freezer_with_sliding_glass_lids_c7be55f32cfc45bf9430840382bb3731,Display freezer with sliding glass lids,"A convenience freezer with two top glass sliders and a narrow side lock flap over the key cylinder, plus a temperature-control knob on the end wall. the insu...",否,,,old,满足,满足,满足,,,,满足,满足,,满足,满足,满足,,,,,,旧版350转换（无失败记录）,该案例位于旧版前350条清单中，但旧版失败记录表没有此 Record ID；因此按旧版判定为无失败。仅旧版覆盖的维度写为“满足”，新版新增维度保留“未核验”。,2026-07-29T23:53:59.333090+00:00,2026-07-30T00:13:11.652819+00:00
rec_dj_equipment_0004,DJ equipment,"A portable DJ controller with a compact flat-slab body, two small rectangular jog wheel discs on the left and right of the top surface each on a stub shaft,...",否,,,old,满足,满足,满足,,,,满足,满足,,满足,满足,满足,,,,,,旧版350转换（无失败记录）,该案例位于旧版前350条清单中，但旧版失败记录表没有此 Record ID；因此按旧版判定为无失败。仅旧版覆盖的维度写为“满足”，新版新增维度保留“未核验”。,2026-07-29T23:53:59.333090+00:00,2026-07-30T00:13:11.652819+00:00
rec_dj_equipment_771e61c00b084274acd695df85f121bd,DJ equipment,"A Roland-style drum machine with a rectangular housing, sixteen velocity-sensitive pads in a four-by-four grid, and a rotary data encoder knob. Each pad comp...",否,,,old,满足,满足,满足,,,,满足,满足,,,,满足,,,,wanglin,invalid_axis_or_range,旧版350转换（有失败记录）,invalid_axis_or_range 无法区分轴向和范围，两个字段均标为待复核。,2026-07-29T23:53:59.333090+00:00,2026-07-30T00:13:11.652819+00:00
rec_dj_equipment_d017639ece7e4c4cb1226c8a891ac03e,DJ equipment,"A standalone all-in-one DJ controller with a wide rectangular housing, two jog wheels, a mixer section with channel faders, and two deck sections. Each jog w...",否,,,old,满足,满足,满足,,,,满足,满足,,满足,满足,满足,,,,,,旧版350转换（无失败记录）,该案例位于旧版前350条清单中，但旧版失败记录表没有此 Record ID；因此按旧版判定为无失败。仅旧版覆盖的维度写为“满足”，新版新增维度保留“未核验”。,2026-07-29T23:53:59.333090+00:00,2026-07-30T00:13:11.652819+00:00
rec_dj_equipment_fe2c63a264dc451fafad5f73f95ddb21,DJ equipment,"A portable all-in-one DJ controller with a wide rectangular housing, two jog-wheel platters on revolute axles, a crossfader on a prismatic center slot, two c...",否,,,old,满足,满足,满足,,,,满足,满足,,满足,满足,满足,,,,,,旧版350转换（无失败记录）,该案例位于旧版前350条清单中，但旧版失败记录表没有此 Record ID；因此按旧版判定为无失败。仅旧版覆盖的维度写为“满足”，新版新增维度保留“未核验”。,2026-07-29T23:53:59.333090+00:00,2026-07-30T00:13:11.652819+00:00
rec_dock_loading_ramp_5f7365fe8b8d4c5eb2e60c2ec6fcd900,Dock loading ramp,"A freestanding portable yard ramp with an inclined steel drive surface, two continuous side rails with cross-brace rungs, a horizontal platform at the top, a...",否,,,old,满足,满足,满足,,,,满足,满足,,满足,满足,满足,,,,,,旧版350转换（无失败记录）,该案例位于旧版前350条清单中，但旧版失败记录表没有此 Record ID；因此按旧版判定为无失败。仅旧版覆盖的维度写为“满足”，新版新增维度保留“未核验”。,2026-07-29T23:53:59.333090+00:00,2026-07-30T00:13:11.652819+00:00
rec_dock_loading_ramp_abb346622d2545aa84f565b9562b878c,Dock loading ramp,"A ground-mounted tilt-deck dock plate with a flat steel platform on a central horizontal revolute hinge at a ground frame, and two support leg columns below...",否,,,old,满足,满足,满足,,,,满足,满足,,满足,满足,不满足,,,,wanglin,missing_dynamics,旧版350转换（有失败记录）,missing_dynamics 按旧标准语义映射到可信实体连接或支撑结构。,2026-07-29T23:53:59.333090+00:00,2026-07-30T00:13:11.652819+00:00
rec_dock_loading_ramp_e86896d4869a4a9b871e57cefbacbede,Dock loading ramp,A vertical-storing dock leveler with a flat rectangular deck that stores vertically. The deck pivots on a revolute hinge at the dock back edge from vertical...,否,,,old,满足,满足,满足,,,,满足,满足,,满足,满足,不满足,,,,wanglin,missing_dynamics; unreasonable_prompt,旧版350转换（有失败记录）,missing_dynamics 按旧标准语义映射到可信实体连接或支撑结构。；unreasonable_prompt 在新版中没有直接对应字段，仅保留旧标签和 Viewer 失败结论。,2026-07-29T23:53:59.333090+00:00,2026-07-30T00:13:11.652819+00:00
rec_drawer_cabinet_with_sliding_drawers_358a772fec944d368542b5c802165f08,Drawer cabinet with sliding drawers,"A workshop tool chest with a heavy steel body, six shallow drawers and two deep drawers, each on ball-bearing prismatic rails with recessed bar handles.",否,,,old,满足,满足,满足,,,,满足,满足,,满足,满足,满足,,,,,,旧版350转换（无失败记录）,该案例位于旧版前350条清单中，但旧版失败记录表没有此 Record ID；因此按旧版判定为无失败。仅旧版覆盖的维度写为“满足”，新版新增维度保留“未核验”。,2026-07-29T23:53:59.333090+00:00,2026-07-30T00:13:11.652819+00:00
rec_drawer_cabinet_with_sliding_drawers_38ea9563bc8a4d34b36c8892e51ce0e0,Drawer cabinet with sliding drawers,A wall-mounted key cabinet with a hinged outer door and a row of twenty mini-hook drawers inside. The outer door opens on a revolute hinge at its vertical le...,否,,,old,满足,满足,满足,,,,满足,满足,,满足,满足,满足,,,,,,旧版350转换（无失败记录）,该案例位于旧版前350条清单中，但旧版失败记录表没有此 Record ID；因此按旧版判定为无失败。仅旧版覆盖的维度写为“满足”，新版新增维度保留“未核验”。,2026-07-29T23:53:59.333090+00:00,2026-07-30T00:13:11.652819+00:00
rec_drawer_cabinet_with_sliding_drawers_ab198bb7cf874fe78324067ad88f39bf,Drawer cabinet with sliding drawers,A modular stacking single-drawer storage unit with a rectangular body and one wide pull-out drawer. The drawer slides prismatically on guide rails. The unit...,否,,,old,满足,满足,满足,,,,满足,满足,,满足,满足,满足,,,,,,旧版350转换（无失败记录）,该案例位于旧版前350条清单中，但旧版失败记录表没有此 Record ID；因此按旧版判定为无失败。仅旧版覆盖的维度写为“满足”，新版新增维度保留“未核验”。,2026-07-29T23:53:59.333090+00:00,2026-07-30T00:13:11.652819+00:00
rec_drawer_cabinet_with_sliding_drawers_bf398a85e67f45469cfff19a88fed0dc,Drawer cabinet with sliding drawers,"A dresser chest with a wide rectangular wooden body and four equal-depth drawer boxes stacked vertically, each sliding on prismatic wooden runner guides with...",否,,,old,满足,满足,满足,,,,满足,满足,,满足,满足,满足,,,,,,旧版350转换（无失败记录）,该案例位于旧版前350条清单中，但旧版失败记录表没有此 Record ID；因此按旧版判定为无失败。仅旧版覆盖的维度写为“满足”，新版新增维度保留“未核验”。,2026-07-29T23:53:59.333090+00:00,2026-07-30T00:13:11.652819+00:00
rec_drawer_cabinet_with_sliding_drawers_dcb143c2511744ba867d83d56a4b39bd,Drawer cabinet with sliding drawers,"A wooden dresser with a wide rectangular carcass and five stacked drawers, each on prismatic guide rails with round knob handles.",否,,,old,满足,满足,满足,,,,满足,满足,,满足,满足,满足,,,,,,旧版350转换（无失败记录）,该案例位于旧版前350条清单中，但旧版失败记录表没有此 Record ID；因此按旧版判定为无失败。仅旧版覆盖的维度写为“满足”，新版新增维度保留“未核验”。,2026-07-29T23:53:59.333090+00:00,2026-07-30T00:13:11.652819+00:00
rec_drawer_cabinet_with_sliding_drawers_e167fa7550944ce099e87f6f449f2d5d,Drawer cabinet with sliding drawers,An under-desk three-drawer mobile pedestal on four casters. Three equal-height drawers each slide prismatically on full-extension guide rails. The top surfac...,否,,,old,满足,满足,满足,,,,满足,满足,,满足,满足,满足,,,,,,旧版350转换（无失败记录）,该案例位于旧版前350条清单中，但旧版失败记录表没有此 Record ID；因此按旧版判定为无失败。仅旧版覆盖的维度写为“满足”，新版新增维度保留“未核验”。,2026-07-29T23:53:59.333090+00:00,2026-07-30T00:13:11.652819+00:00
rec_drawer_cabinet_with_sliding_drawers_ed911543e2b74804b0131908b6f8d864,Drawer cabinet with sliding drawers,"A bedside drawer cabinet with three front drawers and a hinged top compartment lid above them. The three drawers slide prismatically on straight guides, and...",否,,,old,满足,满足,满足,,,,满足,满足,,满足,满足,满足,,,,,,旧版350转换（无失败记录）,该案例位于旧版前350条清单中，但旧版失败记录表没有此 Record ID；因此按旧版判定为无失败。仅旧版覆盖的维度写为“满足”，新版新增维度保留“未核验”。,2026-07-29T23:53:59.333090+00:00,2026-07-30T00:13:11.652819+00:00
rec_drawer_cabinet_with_sliding_drawers_f71e480324974f58922793596a9108a9,Drawer cabinet with sliding drawers,A kitchen base cabinet with a countertop slab and four front drawers of increasing depth from top to bottom. The four drawers slide prismatically on their ow...,否,,,old,满足,满足,满足,,,,满足,满足,,满足,满足,满足,,,,,,旧版350转换（无失败记录）,该案例位于旧版前350条清单中，但旧版失败记录表没有此 Record ID；因此按旧版判定为无失败。仅旧版覆盖的维度写为“满足”，新版新增维度保留“未核验”。,2026-07-29T23:53:59.333090+00:00,2026-07-30T00:13:11.652819+00:00
rec_drillpress_tilt_table_2fe92880a3e443b29d4b695f1838cce2,Drill-press tilt table,"A magnetic-base drill stand with a rectangular electromagnetic base plate, a telescoping vertical column extending on a prismatic joint from the base, and a...",否,,,old,满足,满足,满足,,,,满足,满足,,满足,满足,满足,,,,,,旧版350转换（无失败记录）,该案例位于旧版前350条清单中，但旧版失败记录表没有此 Record ID；因此按旧版判定为无失败。仅旧版覆盖的维度写为“满足”，新版新增维度保留“未核验”。,2026-07-29T23:53:59.333090+00:00,2026-07-30T00:13:11.652819+00:00
rec_drillpress_tilt_table_50bb45edaa61432b8aefc93ce028bf21,Drill-press tilt table,"A radial-arm drill press with a round column, a horizontal arm that swings on a revolute joint at the column top, a head unit sliding on a prismatic joint al...",否,,,old,满足,不满足,不满足,,,,满足,满足,,满足,满足,满足,,,,wanglin,missing_part; unreasonable_prompt,旧版350转换（有失败记录）,missing_part → 零件数量和种类、必要结构均标为不满足。；unreasonable_prompt 在新版中没有直接对应字段，仅保留旧标签和 Viewer 失败结论。,2026-07-29T23:53:59.333090+00:00,2026-07-30T00:13:11.652819+00:00
rec_drillpress_tilt_table_9618ff11322d489c9be8e0b0e89df968,Drill-press tilt table,"A floor-standing heavy drill press with a round column, a fixed base, a height-adjustable tilting table, and a quill-feed spindle head. The table slides pris...",否,,,old,满足,满足,满足,,,,满足,满足,,满足,满足,不满足,,,,wanglin,missing_dynamics,旧版350转换（有失败记录）,missing_dynamics 按旧标准语义映射到可信实体连接或支撑结构。,2026-07-29T23:53:59.333090+00:00,2026-07-30T00:13:11.652819+00:00
rec_drillpress_tilt_table_dd474eb0620747ec9031edcd8e0fd225,Drill-press tilt table,"A floor drill press with a tall column, a round work table, and a three-spoke feed handle at the side of the head. The work table slides prismatically along...",否,,,old,满足,不满足,不满足,,,,满足,满足,,满足,满足,满足,,,,wanglin,missing_part; unreasonable_prompt,旧版350转换（有失败记录）,missing_part → 零件数量和种类、必要结构均标为不满足。；unreasonable_prompt 在新版中没有直接对应字段，仅保留旧标签和 Viewer 失败结论。,2026-07-29T23:53:59.333090+00:00,2026-07-30T00:13:11.652819+00:00
rec_drone_6f0ab275499c4d118553b0376bc35588,Drone,"A folding-arm hexarotor with a hexagonal center plate and six radial arms each folding inward at the plate rim on a revolute hinge at the arm root, and a two...",否,,,old,满足,满足,满足,,,,满足,满足,,满足,满足,满足,,,,,,旧版350转换（无失败记录）,该案例位于旧版前350条清单中，但旧版失败记录表没有此 Record ID；因此按旧版判定为无失败。仅旧版覆盖的维度写为“满足”，新版新增维度保留“未核验”。,2026-07-29T23:53:59.333090+00:00,2026-07-30T00:13:11.652819+00:00
rec_drone_7c009298ae884253944afae31040154b,Drone,A fixed-wing VTOL hybrid drone with a main wing body and two tilt-rotor nacelles at the wing tips. Each nacelle tilts on a revolute hinge at the wing tip abo...,否,,,old,满足,满足,满足,,,,满足,满足,,满足,满足,满足,,,,,,旧版350转换（无失败记录）,该案例位于旧版前350条清单中，但旧版失败记录表没有此 Record ID；因此按旧版判定为无失败。仅旧版覆盖的维度写为“满足”，新版新增维度保留“未核验”。,2026-07-29T23:53:59.333090+00:00,2026-07-30T00:13:11.652819+00:00
rec_drone_80fe2589f0654c48beb775a662d4b194,Drone,"A fixed-arm racing quadrotor with an X-frame body, four diagonal arms, and a two-blade propeller on each arm tip on a revolute axle above the motor pod.",否,,,old,满足,满足,满足,,,,满足,满足,,满足,满足,满足,,,,,,旧版350转换（无失败记录）,该案例位于旧版前350条清单中，但旧版失败记录表没有此 Record ID；因此按旧版判定为无失败。仅旧版覆盖的维度写为“满足”，新版新增维度保留“未核验”。,2026-07-29T23:53:59.333090+00:00,2026-07-30T00:13:11.652819+00:00
rec_dual_independent_finger_chains_0001,Dual independent finger chains,"A dual-finger gripper structure with two independent phalanx chains mounted to one palm block, using simple revolute joints and straight links.",否,,,old,满足,满足,满足,,,,满足,满足,,满足,满足,不满足,,,,wanglin,missing_dynamics,旧版350转换（有失败记录）,missing_dynamics 按旧标准语义映射到可信实体连接或支撑结构。,2026-07-29T23:53:59.333090+00:00,2026-07-30T00:13:11.652819+00:00
rec_dual_independent_finger_chains_46d87957957648bfb19e45820462a6a4,Dual independent finger chains,"A bench gripper finger pair. A boxed palm body supports two separate digit chains with proximal, middle, and distal links on mirrored sides of the centerline...",否,,,old,满足,满足,满足,,,,满足,满足,,满足,满足,不满足,,,,wanglin,missing_dynamics,旧版350转换（有失败记录）,missing_dynamics 按旧标准语义映射到可信实体连接或支撑结构。,2026-07-29T23:53:59.333090+00:00,2026-07-30T00:13:11.652819+00:00
rec_dual_independent_finger_chains_b97c8bf68fed43fca08544d557aab292,Dual independent finger chains,"A forked palm with two independent finger chains. A grounded palm beam supports two side-by-side fingers, each built from proximal, middle, and distal rigid...",否,,,old,满足,满足,满足,,,,满足,满足,,满足,满足,满足,,,,,,旧版350转换（无失败记录）,该案例位于旧版前350条清单中，但旧版失败记录表没有此 Record ID；因此按旧版判定为无失败。仅旧版覆盖的维度写为“满足”，新版新增维度保留“未核验”。,2026-07-29T23:53:59.333090+00:00,2026-07-30T00:13:11.652819+00:00
rec_dual_independent_finger_chains_db3c2e74b0874ab6b09aeddc177018d8,Dual independent finger chains,"A forked palm with two independent finger chains. A grounded palm beam supports two side-by-side fingers, each built from proximal, middle, and distal rigid...",否,,,old,满足,满足,满足,,,,满足,满足,,满足,满足,满足,,,,,,旧版350转换（无失败记录）,该案例位于旧版前350条清单中，但旧版失败记录表没有此 Record ID；因此按旧版判定为无失败。仅旧版覆盖的维度写为“满足”，新版新增维度保留“未核验”。,2026-07-29T23:53:59.333090+00:00,2026-07-30T00:13:11.652819+00:00
rec_dualcolumn_lift_carriage_376ff6d79af84845a048c90d9babe879,Dual-column lift carriage,"A dual-column lift module like a compact pallet stacker mast. Two vertical guide columns are tied by a base and top crosshead, and a rectangular carriage rid...",否,,,old,满足,满足,满足,,,,满足,满足,,满足,满足,满足,,,,,,旧版350转换（无失败记录）,该案例位于旧版前350条清单中，但旧版失败记录表没有此 Record ID；因此按旧版判定为无失败。仅旧版覆盖的维度写为“满足”，新版新增维度保留“未核验”。,2026-07-29T23:53:59.333090+00:00,2026-07-30T00:13:11.652819+00:00
rec_dualcolumn_lift_carriage_61b26819e5d240b1b9ee5c3f10445291,Dual-column lift carriage,"A boxed dual-column lift carriage. Two grounded guide columns are tied by a base and top crosshead, and a rectangular carriage rides between them on wrapped...",否,,,old,满足,满足,满足,,,,满足,满足,,满足,满足,满足,,,,,,旧版350转换（无失败记录）,该案例位于旧版前350条清单中，但旧版失败记录表没有此 Record ID；因此按旧版判定为无失败。仅旧版覆盖的维度写为“满足”，新版新增维度保留“未核验”。,2026-07-29T23:53:59.333090+00:00,2026-07-30T00:13:11.652819+00:00
rec_dualcolumn_lift_carriage_7a4e46f434fd43f39408361d6d7a2d86,Dual-column lift carriage,"A crosshead-guided dual-post lift. A broad base and top tie member support two guide posts, and a compact carriage slides between them with a centered output...",否,,,old,满足,满足,满足,,,,满足,满足,,满足,满足,满足,,,,,,旧版350转换（无失败记录）,该案例位于旧版前350条清单中，但旧版失败记录表没有此 Record ID；因此按旧版判定为无失败。仅旧版覆盖的维度写为“满足”，新版新增维度保留“未核验”。,2026-07-29T23:53:59.333090+00:00,2026-07-30T00:13:11.652819+00:00
rec_dualcolumn_lift_carriage_e5d39f09effb4d8fa5c740cbdc4b2779,Dual-column lift carriage,"A compact dual-column lift carriage with twin round posts and a wide tooling plate. The columns are anchored to a heavy base and bridged at the top, while th...",否,,,old,满足,满足,满足,,,,满足,满足,,满足,满足,满足,,,,,,旧版350转换（无失败记录）,该案例位于旧版前350条清单中，但旧版失败记录表没有此 Record ID；因此按旧版判定为无失败。仅旧版覆盖的维度写为“满足”，新版新增维度保留“未核验”。,2026-07-29T23:53:59.333090+00:00,2026-07-30T00:13:11.652819+00:00
rec_dualcolumn_lift_carriage_f2b5362a0fb842278d7594803d6c97c5,Dual-column lift carriage,A channel-post vertical lift carriage. Two upright channels and a top bridge frame support a moving carriage with a plain tool plate at the front. One prisma...,否,,,old,满足,满足,满足,,,,满足,满足,,满足,满足,满足,,,,,,旧版350转换（无失败记录）,该案例位于旧版前350条清单中，但旧版失败记录表没有此 Record ID；因此按旧版判定为无失败。仅旧版覆盖的维度写为“满足”，新版新增维度保留“未核验”。,2026-07-29T23:53:59.333090+00:00,2026-07-30T00:13:11.652819+00:00
rec_dualrail_gantry_axis_2e0b1fee6b0d4c3ab32f9f08f710a9f1,Dual-rail gantry axis,"A bridge-rider dual-rail gantry. Two grounded rails support a moving bridge, and the bridge carries a compact crosswise truck on its own guide path. The brid...",否,,,old,满足,满足,满足,,,,满足,满足,,满足,满足,满足,,,,,,旧版350转换（无失败记录）,该案例位于旧版前350条清单中，但旧版失败记录表没有此 Record ID；因此按旧版判定为无失败。仅旧版覆盖的维度写为“满足”，新版新增维度保留“未核验”。,2026-07-29T23:53:59.333090+00:00,2026-07-30T00:13:11.652819+00:00
rec_dualrail_gantry_axis_4665a3abc3bd4209ac4f8f1d9ec67eaf,Dual-rail gantry axis,"A stiff-beam gantry positioning axis. Two parallel ground rails support a deep bridge member, and a small carriage runs along the front face of the bridge. T...",否,,,old,满足,满足,满足,,,,满足,满足,,满足,满足,满足,,,,,,旧版350转换（无失败记录）,该案例位于旧版前350条清单中，但旧版失败记录表没有此 Record ID；因此按旧版判定为无失败。仅旧版覆盖的维度写为“满足”，新版新增维度保留“未核验”。,2026-07-29T23:53:59.333090+00:00,2026-07-30T00:13:11.652819+00:00
rec_dualrail_gantry_axis_6936c336fe6c48f8bf92eb19b260f003,Dual-rail gantry axis,"A dual-rail gantry axis. Two parallel grounded base rails support a bridge carriage, and a smaller truck rides across that bridge on its own guide path. The...",否,,,old,满足,满足,满足,,,,满足,满足,,满足,满足,不满足,,,,wanglin,missing_dynamics,旧版350转换（有失败记录）,missing_dynamics 按旧标准语义映射到可信实体连接或支撑结构。,2026-07-29T23:53:59.333090+00:00,2026-07-30T00:13:11.652819+00:00
rec_dualrail_gantry_axis_e1eacf6e6aa243b59afba33f06dbfd2f,Dual-rail gantry axis,"A portal-lite dual-rail gantry. A grounded two-rail chassis carries a transverse beam riding on end trucks, and the beam supports a central runner. The beam...",否,,,old,满足,满足,满足,,,,满足,满足,,满足,满足,满足,,,,,,旧版350转换（无失败记录）,该案例位于旧版前350条清单中，但旧版失败记录表没有此 Record ID；因此按旧版判定为无失败。仅旧版覆盖的维度写为“满足”，新版新增维度保留“未核验”。,2026-07-29T23:53:59.333090+00:00,2026-07-30T00:13:11.652819+00:00
rec_dualrail_gantry_axis_f57f225d938b44789fa12066ce9d8c6a,Dual-rail gantry axis,A compact service gantry. A fixed lower frame supports a moving bridge and a short cross-slide whose support hardware remains visibly larger than the tool fa...,否,,,old,满足,满足,满足,,,,满足,满足,,满足,满足,不满足,,,,wanglin,missing_dynamics,旧版350转换（有失败记录）,missing_dynamics 按旧标准语义映射到可信实体连接或支撑结构。,2026-07-29T23:53:59.333090+00:00,2026-07-30T00:13:11.652819+00:00
rec_easel_14379944377a405091aee6101d4378d2,Easel,"An H-frame studio easel with two tall front legs and two rear legs, and a horizontal canvas bar that slides up and down the front legs. The canvas bar slides...",否,,,old,满足,满足,满足,,,,满足,满足,,满足,满足,满足,,,,,,旧版350转换（无失败记录）,该案例位于旧版前350条清单中，但旧版失败记录表没有此 Record ID；因此按旧版判定为无失败。仅旧版覆盖的维度写为“满足”，新版新增维度保留“未核验”。,2026-07-29T23:53:59.333090+00:00,2026-07-30T00:13:11.652819+00:00
rec_easel_2b99fdd3d854447985b2bb6b6736cfa0,Easel,"A studio painting tripod easel with two long front legs joined at the top on a revolute hinge, a spreading rear leg on a revolute hinge at the front leg junc...",否,,,old,满足,满足,满足,,,,满足,满足,,满足,满足,满足,,,,,,旧版350转换（无失败记录）,该案例位于旧版前350条清单中，但旧版失败记录表没有此 Record ID；因此按旧版判定为无失败。仅旧版覆盖的维度写为“满足”，新版新增维度保留“未核验”。,2026-07-29T23:53:59.333090+00:00,2026-07-30T00:13:11.652819+00:00
rec_easel_5eea1238803e499b8c5a0cb6ff1fb18d,Easel,"A chalkboard easel with a wide A-frame in painted steel, two front legs and a rear leg on revolute hinges at the crown, and a full-width tray shelf fixed at...",否,,,old,满足,满足,满足,,,,满足,满足,,满足,满足,满足,,,,,,旧版350转换（无失败记录）,该案例位于旧版前350条清单中，但旧版失败记录表没有此 Record ID；因此按旧版判定为无失败。仅旧版覆盖的维度写为“满足”，新版新增维度保留“未核验”。,2026-07-29T23:53:59.333090+00:00,2026-07-30T00:13:11.652819+00:00
rec_easel_93d3ae6ef89749c4b015e6cb994661f0,Easel,"An outdoor poster easel with two narrow aluminium front legs and a rear brace leg joined at a crown revolute hinge, a bottom lip tray adjusting on a prismati...",否,,,old,满足,满足,满足,,,,满足,满足,,满足,满足,满足,,,,,,旧版350转换（无失败记录）,该案例位于旧版前350条清单中，但旧版失败记录表没有此 Record ID；因此按旧版判定为无失败。仅旧版覆盖的维度写为“满足”，新版新增维度保留“未核验”。,2026-07-29T23:53:59.333090+00:00,2026-07-30T00:13:11.652819+00:00
rec_electrical_cabinet_door_0004,Electrical cabinet door,"A swing-up hinged dead-front panel hung on a piano hinge at the top edge of a flush-mount equipment bay, held open at 90 degrees by a folding prop arm pivoti...",否,,,old,满足,满足,满足,,,,满足,满足,,满足,满足,满足,,,,,,旧版350转换（无失败记录）,该案例位于旧版前350条清单中，但旧版失败记录表没有此 Record ID；因此按旧版判定为无失败。仅旧版覆盖的维度写为“满足”，新版新增维度保留“未核验”。,2026-07-29T23:53:59.333090+00:00,2026-07-30T00:13:11.652819+00:00
rec_electrical_cabinet_door_0ea1ef70af824ac78de30a5f81efa852,Electrical cabinet door,A motor control center section with a compartment door and a pull-out bucket control assembly. The compartment door hinges on revolute knuckles at its left v...,否,,,old,满足,满足,满足,,,,满足,满足,,满足,满足,满足,,,,,,旧版350转换（无失败记录）,该案例位于旧版前350条清单中，但旧版失败记录表没有此 Record ID；因此按旧版判定为无失败。仅旧版覆盖的维度写为“满足”，新版新增维度保留“未核验”。,2026-07-29T23:53:59.333090+00:00,2026-07-30T00:13:11.652819+00:00
rec_electrical_cabinet_door_af7ac877d33c4889bc1dd8bf3ae74421,Electrical cabinet door,A wall-panel electric distribution board with a narrow rectangular housing and a hinged single-leaf door on the left-edge vertical hinge. The door swings on...,否,,,old,满足,满足,满足,,,,满足,满足,,满足,满足,满足,,,,,,旧版350转换（无失败记录）,该案例位于旧版前350条清单中，但旧版失败记录表没有此 Record ID；因此按旧版判定为无失败。仅旧版覆盖的维度写为“满足”，新版新增维度保留“未核验”。,2026-07-29T23:53:59.333090+00:00,2026-07-30T00:13:11.652819+00:00
rec_electrical_cabinet_door_f8ca2552f98c47f9b1a16c4f93e908f0,Electrical cabinet door,A meter cubicle with a rectangular enclosure and a hinged transparent cover window over the meter bank. The cover panel hinges on revolute knuckles at the to...,否,,,old,满足,满足,满足,,,,满足,满足,,满足,满足,满足,,,,,,旧版350转换（无失败记录）,该案例位于旧版前350条清单中，但旧版失败记录表没有此 Record ID；因此按旧版判定为无失败。仅旧版覆盖的维度写为“满足”，新版新增维度保留“未核验”。,2026-07-29T23:53:59.333090+00:00,2026-07-30T00:13:11.652819+00:00
rec_elevator_035bb14ec86b429cb8bbd9a147918e7c,Elevator,"A rack-and-pinion residential elevator with a rectangular car on a vertical prismatic joint alongside a visible rack column, a sliding access door panel on a...",否,,,old,满足,满足,满足,,,,满足,满足,,满足,满足,不满足,,,,wanglin,missing_dynamics,旧版350转换（有失败记录）,missing_dynamics 按旧标准语义映射到可信实体连接或支撑结构。,2026-07-29T23:53:59.333090+00:00,2026-07-30T00:13:11.652819+00:00
rec_elevator_5ef65550be264a2a90f25346b9b8f927,Elevator,"A glass panoramic elevator with a circular glass-sided car on a vertical prismatic guide rail, a single curved sliding door panel on a prismatic joint at the...",否,,,old,满足,满足,满足,,,,满足,满足,,满足,满足,满足,,,,wanglin,unreasonable_prompt,旧版350转换（有失败记录）,unreasonable_prompt 在新版中没有直接对应字段，仅保留旧标签和 Viewer 失败结论。,2026-07-29T23:53:59.333090+00:00,2026-07-30T00:13:11.652819+00:00
rec_elevator_6b732a7bf9404fac804ee1d1d092ad42,Elevator,"A glass observation tower elevator with a curved three-sided glass car on a vertical prismatic joint inside a round glass-encased column, and two bi-parting...",否,,,old,满足,满足,满足,,,,满足,满足,,满足,满足,满足,,,,wanglin,unreasonable_prompt,旧版350转换（有失败记录）,unreasonable_prompt 在新版中没有直接对应字段，仅保留旧标签和 Viewer 失败结论。,2026-07-29T23:53:59.333090+00:00,2026-07-30T00:13:11.652819+00:00
rec_elevator_bece80938b3149e6b031a36089d43005,Elevator,A glass panoramic elevator with a rectangular car and a sliding door panel on a vertical rail system. The car slides prismatically along two vertical guide r...,否,,,old,满足,满足,满足,,,,满足,满足,,满足,满足,满足,,,,wanglin,unreasonable_prompt,旧版350转换（有失败记录）,unreasonable_prompt 在新版中没有直接对应字段，仅保留旧标签和 Viewer 失败结论。,2026-07-29T23:53:59.333090+00:00,2026-07-30T00:13:11.652819+00:00
rec_extension_ladder_08df3885f6244803b76ff3c28cc2643d,Extension ladder,A combination A-frame-plus-extension ladder with a front A-frame section and a rear fly that slides prismatically in the front section guides. The front sect...,否,,,old,满足,满足,满足,,,,满足,满足,,满足,满足,不满足,,,,wanglin,missing_dynamics,旧版350转换（有失败记录）,missing_dynamics 按旧标准语义映射到可信实体连接或支撑结构。,2026-07-29T23:53:59.333090+00:00,2026-07-30T00:13:11.652819+00:00
rec_extension_ladder_0b29b5c07c8944abbceca595a0bd1f64,Extension ladder,A two-section extension ladder with a fly section and a folding rung-step tray near the upper third of the ladder. The fly section slides prismatically along...,否,,,old,满足,满足,满足,,,,满足,满足,,满足,满足,满足,,,,,,旧版350转换（无失败记录）,该案例位于旧版前350条清单中，但旧版失败记录表没有此 Record ID；因此按旧版判定为无失败。仅旧版覆盖的维度写为“满足”，新版新增维度保留“未核验”。,2026-07-29T23:53:59.333090+00:00,2026-07-30T00:13:11.652819+00:00
rec_extension_ladder_17d8fd58a1284152afcaa2ec1cc140fc,Extension ladder,"A hook-over wall extension ladder with two rectangular steel rail stiles, a fly section extending on a prismatic joint through guide brackets on the base rai...",否,,,old,满足,满足,满足,,,,满足,满足,,满足,满足,满足,,,,,,旧版350转换（无失败记录）,该案例位于旧版前350条清单中，但旧版失败记录表没有此 Record ID；因此按旧版判定为无失败。仅旧版覆盖的维度写为“满足”，新版新增维度保留“未核验”。,2026-07-29T23:53:59.333090+00:00,2026-07-30T00:13:11.652819+00:00
rec_extension_ladder_2a82e95ed96844e59fdb940b64da012a,Extension ladder,A three-section heavy-duty aluminium extension ladder with two fly sections that extend in sequence on prismatic joints through channel guide brackets on the...,否,,,old,满足,满足,满足,,,,满足,满足,,满足,满足,满足,,,,,,旧版350转换（无失败记录）,该案例位于旧版前350条清单中，但旧版失败记录表没有此 Record ID；因此按旧版判定为无失败。仅旧版覆盖的维度写为“满足”，新版新增维度保留“未核验”。,2026-07-29T23:53:59.333090+00:00,2026-07-30T00:13:11.652819+00:00
rec_extension_ladder_4e34aec210cb4bf7a216f2bd5a61ac97,Extension ladder,A standard extension ladder with two parallel rail sections and a fly section that rises within the base rails. The fly section slides prismatically upward a...,否,,,old,满足,满足,满足,,,,满足,满足,,满足,满足,满足,,,,,,旧版350转换（无失败记录）,该案例位于旧版前350条清单中，但旧版失败记录表没有此 Record ID；因此按旧版判定为无失败。仅旧版覆盖的维度写为“满足”，新版新增维度保留“未核验”。,2026-07-29T23:53:59.333090+00:00,2026-07-30T00:13:11.652819+00:00
rec_extension_ladder_af1622af1cd648d49e64095d3549283f,Extension ladder,"A roof-hook extension ladder with two parallel aluminium rail stiles, a fly section extending upward on a prismatic joint through channel guide blocks on the...",否,,,old,满足,满足,满足,,,,满足,满足,,满足,满足,满足,,,,,,旧版350转换（无失败记录）,该案例位于旧版前350条清单中，但旧版失败记录表没有此 Record ID；因此按旧版判定为无失败。仅旧版覆盖的维度写为“满足”，新版新增维度保留“未核验”。,2026-07-29T23:53:59.333090+00:00,2026-07-30T00:13:11.652819+00:00
rec_extension_ladder_d82d16f364ca4f438b7524d18dd8c5b4,Extension ladder,A utility extension ladder with two sliding sections and a fold-down rung lock cover near the midsection. The upper section slides prismatically within the l...,否,,,old,满足,满足,满足,,,,满足,满足,,满足,满足,满足,,,,,,旧版350转换（无失败记录）,该案例位于旧版前350条清单中，但旧版失败记录表没有此 Record ID；因此按旧版判定为无失败。仅旧版覆盖的维度写为“满足”，新版新增维度保留“未核验”。,2026-07-29T23:53:59.333090+00:00,2026-07-30T00:13:11.652819+00:00
rec_faucet_with_side_handle_69b60b51abd84bfd97e2cd1adbf82b38,Faucet with side handle,"A laundry utility faucet with a wide oval flat base plate on a deck, a center straight spout neck, and two angled lever handles each on a separate revolute j...",否,,,old,满足,满足,满足,,,,满足,满足,,满足,满足,满足,,,,,,旧版350转换（无失败记录）,该案例位于旧版前350条清单中，但旧版失败记录表没有此 Record ID；因此按旧版判定为无失败。仅旧版覆盖的维度写为“满足”，新版新增维度保留“未核验”。,2026-07-29T23:53:59.333090+00:00,2026-07-30T00:13:11.652819+00:00
rec_fidget_toy_347ca0554d8545c7a9fefa21aa68f926,Fidget toy,"A realistic, highly detailed fidget spinner with a compact central bearing hub, multiple balanced lobes, and a believable consumer desk-toy appearance. The s...",否,,,old,满足,满足,满足,,,,满足,满足,,满足,满足,满足,,,,,,旧版350转换（无失败记录）,该案例位于旧版前350条清单中，但旧版失败记录表没有此 Record ID；因此按旧版判定为无失败。仅旧版覆盖的维度写为“满足”，新版新增维度保留“未核验”。,2026-07-29T23:53:59.333090+00:00,2026-07-30T00:13:11.652819+00:00
rec_fidget_toy_4e6197382907407fadcd84be5e1b6c61,Fidget toy,"A gear ring fidget toy with a central axle ring and three planetary gear discs around it, each disc spinning on its own revolute joint.",否,,,old,满足,满足,满足,,,,满足,满足,,满足,满足,满足,,,,,,旧版350转换（无失败记录）,该案例位于旧版前350条清单中，但旧版失败记录表没有此 Record ID；因此按旧版判定为无失败。仅旧版覆盖的维度写为“满足”，新版新增维度保留“未核验”。,2026-07-29T23:53:59.333090+00:00,2026-07-30T00:13:11.652819+00:00
rec_fidget_toy_5f8a14a1172145bea66c661507e02e0f,Fidget toy,"A gyro fidget ring with a wide outer ring, an inner gimbal ring on two diametrically opposed revolute axle pins inside the outer ring, and a spinning weighte...",否,,,old,不满足,不满足,不满足,,,,满足,不满足,,满足,满足,不满足,,,,wanglin,missing_part; missing_articulation; missing_dynamics,旧版350转换（有失败记录）,missing_part → 零件数量和种类、必要结构均标为不满足。；missing_articulation → 零件拆分与活动属性、对应运动学关节均标为不满足。；missing_dynamics 按旧标准语义映射到可信实体连接或支撑结构。,2026-07-29T23:53:59.333090+00:00,2026-07-30T00:13:11.652819+00:00
rec_fidget_toy_d8226d8a764b460dbb0ef444381eedaf,Fidget toy,"A gyro fidget ring with a wide outer ring, an inner gimbal ring on two diametrically opposed revolute axle pins inside the outer ring, and a spinning weighte...",否,,,old,满足,满足,满足,,,,满足,满足,,满足,满足,满足,,,,,,旧版350转换（无失败记录）,该案例位于旧版前350条清单中，但旧版失败记录表没有此 Record ID；因此按旧版判定为无失败。仅旧版覆盖的维度写为“满足”，新版新增维度保留“未核验”。,2026-07-29T23:53:59.333090+00:00,2026-07-30T00:13:11.652819+00:00
rec_fingerlike_phalanx_chain_00a75f27f774429c8cbb663cc26420b7,Finger-like phalanx chain,A finger-like phalanx chain. A base knuckle carries three tapered rigid phalanx links with clear side plates and pin joints. The three revolute joints bend i...,否,,,old,满足,满足,满足,,,,满足,满足,,满足,满足,满足,,,,,,旧版350转换（无失败记录）,该案例位于旧版前350条清单中，但旧版失败记录表没有此 Record ID；因此按旧版判定为无失败。仅旧版覆盖的维度写为“满足”，新版新增维度保留“未核验”。,2026-07-29T23:53:59.333090+00:00,2026-07-30T00:13:11.652819+00:00
rec_fingerlike_phalanx_chain_7b062888d9844aecbd739325bf3682c3,Finger-like phalanx chain,"A finger-like phalanx chain with serial revolute joints and tapered rigid segments, modeled as a mechanical linkage rather than an organic hand.",否,,,old,满足,满足,满足,,,,满足,满足,,满足,满足,满足,,,,,,旧版350转换（无失败记录）,该案例位于旧版前350条清单中，但旧版失败记录表没有此 Record ID；因此按旧版判定为无失败。仅旧版覆盖的维度写为“满足”，新版新增维度保留“未核验”。,2026-07-29T23:53:59.333090+00:00,2026-07-30T00:13:11.652819+00:00
rec_fingerlike_phalanx_chain_a1081bbed6df4cb19f1bd92d0ab0028c,Finger-like phalanx chain,A broad-knuckle articulated finger. A palm-side base block supports three tapered digit segments that decrease in size toward the tip. The three digit segmen...,否,,,old,满足,满足,满足,,,,满足,满足,,满足,满足,满足,,,,,,旧版350转换（无失败记录）,该案例位于旧版前350条清单中，但旧版失败记录表没有此 Record ID；因此按旧版判定为无失败。仅旧版覆盖的维度写为“满足”，新版新增维度保留“未核验”。,2026-07-29T23:53:59.333090+00:00,2026-07-30T00:13:11.652819+00:00
rec_fingerlike_phalanx_chain_b72d74fd8d3e4c03800d7a26efaa9134,Finger-like phalanx chain,"A compact grasping finger with a blocky root section, a curved mid link, and a squared fingertip on a short distal segment. The base should look like it belo...",否,,,old,满足,满足,满足,,,,满足,满足,,满足,满足,满足,,,,,,旧版350转换（无失败记录）,该案例位于旧版前350条清单中，但旧版失败记录表没有此 Record ID；因此按旧版判定为无失败。仅旧版覆盖的维度写为“满足”，新版新增维度保留“未核验”。,2026-07-29T23:53:59.333090+00:00,2026-07-30T00:13:11.652819+00:00
rec_flatbed_scanner_with_hinged_lid_a21fb29a07954fc2825fec7e0ced15e3,Flatbed scanner with hinged lid,A large-format A3 flatbed scanner with a wide rectangular body and a hinged lid with a document feed roller housing that opens from the rear on revolute hinges.,否,,,old,满足,满足,满足,,,,满足,满足,,满足,满足,满足,,,,,,旧版350转换（无失败记录）,该案例位于旧版前350条清单中，但旧版失败记录表没有此 Record ID；因此按旧版判定为无失败。仅旧版覆盖的维度写为“满足”，新版新增维度保留“未核验”。,2026-07-29T23:53:59.333090+00:00,2026-07-30T00:13:11.652819+00:00
rec_flatbed_scanner_with_hinged_lid_e86ff6905f8b4c4fa69fd713789c3e36,Flatbed scanner with hinged lid,"A book-scanning flatbed with a rectangular body, a wide hinged lid on two barrel revolute hinges at the rear edge, and each hinge incorporating a secondary r...",否,,,old,满足,满足,满足,,,,满足,满足,,满足,满足,满足,,,,,,旧版350转换（无失败记录）,该案例位于旧版前350条清单中，但旧版失败记录表没有此 Record ID；因此按旧版判定为无失败。仅旧版覆盖的维度写为“满足”，新版新增维度保留“未核验”。,2026-07-29T23:53:59.333090+00:00,2026-07-30T00:13:11.652819+00:00
rec_flatbed_scanner_with_hinged_lid_edc59f0132af459d93d64aa4c7327fdf,Flatbed scanner with hinged lid,An A3 wide-format flatbed scanner with a wide rectangular body and a lid hinged at the lid's rear edge. The lid opens on two revolute hinge knuckles at the r...,否,,,old,满足,满足,满足,,,,满足,满足,,满足,满足,满足,,,,,,旧版350转换（无失败记录）,该案例位于旧版前350条清单中，但旧版失败记录表没有此 Record ID；因此按旧版判定为无失败。仅旧版覆盖的维度写为“满足”，新版新增维度保留“未核验”。,2026-07-29T23:53:59.333090+00:00,2026-07-30T00:13:11.652819+00:00
rec_flip_phone_5ef18ee295a84d05a5a212212d095722,Flip phone,A wide-format flip communicator with a wide square lower body carrying a full QWERTY keypad and a wide square upper lid carrying a large display. The upper l...,否,,,old,满足,满足,满足,,,,满足,满足,,,,满足,,,,wanglin,invalid_axis_or_range,旧版350转换（有失败记录）,invalid_axis_or_range 无法区分轴向和范围，两个字段均标为待复核。,2026-07-29T23:53:59.333090+00:00,2026-07-30T00:13:11.652819+00:00
rec_floodlight_mast_with_tilt_head_0003,Floodlight mast with tilt head,"A rooftop building-mount floodlight with a short pedestal base plate, a vertical swivel column rotating in azimuth on a bearing collar, a horizontal arm tube...",否,,,old,满足,满足,满足,,,,满足,满足,,满足,满足,不满足,,,,wanglin,missing_dynamics,旧版350转换（有失败记录）,missing_dynamics 按旧标准语义映射到可信实体连接或支撑结构。,2026-07-29T23:53:59.333090+00:00,2026-07-30T00:13:11.652819+00:00
rec_floodlight_mast_with_tilt_head_2f1dc8789ce942328407d42190d493ea,Floodlight mast with tilt head,"A highway median flood mast with a round steel pole on a concrete base flange, a side horizontal crossarm at the pole top, and two rectangular LED flood head...",否,,,old,满足,满足,满足,,,,满足,满足,,满足,满足,满足,,,,,,旧版350转换（无失败记录）,该案例位于旧版前350条清单中，但旧版失败记录表没有此 Record ID；因此按旧版判定为无失败。仅旧版覆盖的维度写为“满足”，新版新增维度保留“未核验”。,2026-07-29T23:53:59.333090+00:00,2026-07-30T00:13:11.652819+00:00
rec_floodlight_mast_with_tilt_head_48c88642c0c344e0b667967ec55a0d69,Floodlight mast with tilt head,"A portable two-leg work light tower with two adjustable legs, a telescoping mast, and a twin-head floodlight bar. Each leg splays on a revolute hinge at the...",否,,,old,满足,满足,满足,,,,满足,满足,,满足,满足,满足,,,,wanglin,unreasonable_prompt,旧版350转换（有失败记录）,unreasonable_prompt 在新版中没有直接对应字段，仅保留旧标签和 Viewer 失败结论。,2026-07-29T23:53:59.333090+00:00,2026-07-30T00:13:11.652819+00:00
rec_floodlight_mast_with_tilt_head_b821b271122c41579983595e77ec9dfb,Floodlight mast with tilt head,A roadway single-arm floodlight on a round tapered pole fixed to a square concrete base. A single outreach arm at the pole top is fixed. One floodlight housi...,否,,,old,满足,满足,满足,,,,满足,满足,,满足,满足,满足,,,,,,旧版350转换（无失败记录）,该案例位于旧版前350条清单中，但旧版失败记录表没有此 Record ID；因此按旧版判定为无失败。仅旧版覆盖的维度写为“满足”，新版新增维度保留“未核验”。,2026-07-29T23:53:59.333090+00:00,2026-07-30T00:13:11.652819+00:00
rec_floodlight_mast_with_tilt_head_f1d06915211448188e0425a74c04d4bd,Floodlight mast with tilt head,A security perimeter floodlight on a wall bracket arm. The arm is fixed to a wall mount plate. A pan-tilt flood head at the arm tip rotates on a continuous a...,否,,,old,满足,满足,满足,,,,满足,满足,,满足,满足,不满足,,,,wanglin,missing_dynamics,旧版350转换（有失败记录）,missing_dynamics 按旧标准语义映射到可信实体连接或支撑结构。,2026-07-29T23:53:59.333090+00:00,2026-07-30T00:13:11.652819+00:00
rec_floor_lamp_00fc7db38ff94436a59c6caf21ea84c0,Floor lamp,"A five-branch tree floor lamp with a round base, a central post, and five independent arm branches ending in globe shades. Each branch arm revolves on a revo...",否,,,old,满足,满足,满足,,,,满足,满足,,满足,满足,满足,,,,,,旧版350转换（无失败记录）,该案例位于旧版前350条清单中，但旧版失败记录表没有此 Record ID；因此按旧版判定为无失败。仅旧版覆盖的维度写为“满足”，新版新增维度保留“未核验”。,2026-07-29T23:53:59.333090+00:00,2026-07-30T00:13:11.652819+00:00
rec_floor_lamp_1f4f1db42fe3456c8e3b1dfb58880f09,Floor lamp,"A bedside arc reading lamp with a weighted square base, a long boom arm, and a small adjustable shade at the end. The boom arm pivots on a revolute hinge at...",否,,,old,满足,满足,满足,,,,满足,满足,,满足,满足,满足,,,,,,旧版350转换（无失败记录）,该案例位于旧版前350条清单中，但旧版失败记录表没有此 Record ID；因此按旧版判定为无失败。仅旧版覆盖的维度写为“满足”，新版新增维度保留“未核验”。,2026-07-29T23:53:59.333090+00:00,2026-07-30T00:13:11.652819+00:00
rec_floor_lamp_4049b7f240b24d3da443d368825aa5b1,Floor lamp,"A swing-arm floor lamp with a round weighted base, a vertical post, and a two-link swing arm. The first link attaches to the post top on a revolute joint. Th...",否,,,old,满足,满足,满足,,,,满足,满足,,满足,满足,满足,,,,,,旧版350转换（无失败记录）,该案例位于旧版前350条清单中，但旧版失败记录表没有此 Record ID；因此按旧版判定为无失败。仅旧版覆盖的维度写为“满足”，新版新增维度保留“未核验”。,2026-07-29T23:53:59.333090+00:00,2026-07-30T00:13:11.652819+00:00
rec_floor_lamp_55718f20f72b4f4498441a39149b37d3,Floor lamp,"A realistic, highly detailed floor lamp with a weighted base, a tall upright stem, an articulated or adjustable lamp head, and a believable residential light...",否,,,old,满足,满足,满足,,,,满足,满足,,满足,满足,满足,,,,,,旧版350转换（无失败记录）,该案例位于旧版前350条清单中，但旧版失败记录表没有此 Record ID；因此按旧版判定为无失败。仅旧版覆盖的维度写为“满足”，新版新增维度保留“未核验”。,2026-07-29T23:53:59.333090+00:00,2026-07-30T00:13:11.652819+00:00
rec_floor_lamp_774adabf1e7b4f2f8389a9f277aac464,Floor lamp,"A swing-arm floor lamp with a rectangular weighted base, a fixed vertical column, and a horizontal boom arm on a revolute hinge at the column top that swings...",否,,,old,满足,满足,满足,,,,满足,满足,,满足,满足,满足,,,,,,旧版350转换（无失败记录）,该案例位于旧版前350条清单中，但旧版失败记录表没有此 Record ID；因此按旧版判定为无失败。仅旧版覆盖的维度写为“满足”，新版新增维度保留“未核验”。,2026-07-29T23:53:59.333090+00:00,2026-07-30T00:13:11.652819+00:00
rec_floor_lamp_83d691f2b96741a28d56d3ee044720cc,Floor lamp,"A tree floor lamp with a weighted base, a vertical post, and four hinged branch arms with small cone shades. The four branch arms rotate independently on hin...",否,,,old,满足,满足,满足,,,,满足,满足,,满足,满足,满足,,,,,,旧版350转换（无失败记录）,该案例位于旧版前350条清单中，但旧版失败记录表没有此 Record ID；因此按旧版判定为无失败。仅旧版覆盖的维度写为“满足”，新版新增维度保留“未核验”。,2026-07-29T23:53:59.333090+00:00,2026-07-30T00:13:11.652819+00:00
rec_floor_lamp_a3a23fb4466b47bd912c6a270ea905e4,Floor lamp,"A gooseneck floor lamp with a heavy round base, a vertical column, and an arching arm with a dome shade that tilts on a revolute joint at the tip.",否,,,old,满足,满足,满足,,,,满足,满足,,满足,满足,满足,,,,,,旧版350转换（无失败记录）,该案例位于旧版前350条清单中，但旧版失败记录表没有此 Record ID；因此按旧版判定为无失败。仅旧版覆盖的维度写为“满足”，新版新增维度保留“未核验”。,2026-07-29T23:53:59.333090+00:00,2026-07-30T00:13:11.652819+00:00
rec_floor_standing_drafting_table_41f846e630f747e6958d3cc056c7e149,Floor Standing Drafting Table,"A floor-standing drafting table with a twin-post base, a central board support, and a broad drawing surface, plus a shallow accessory drawer under the board....",否,,,old,满足,满足,满足,,,,满足,满足,,满足,满足,不满足,,,,wanglin,missing_dynamics,旧版350转换（有失败记录）,missing_dynamics 按旧标准语义映射到可信实体连接或支撑结构。,2026-07-29T23:53:59.333090+00:00,2026-07-30T00:13:11.652819+00:00
rec_floor_standing_drafting_table_894780d97a9847239d556523c6acfee9,Floor Standing Drafting Table,"A compact drafting stand with a pedestal base, a telescoping center post, and a medium rectangular board with a lower lip, plus a clamp knob at the tilt head...",否,,,old,满足,满足,满足,,,,满足,满足,,满足,满足,满足,,,,,,旧版350转换（无失败记录）,该案例位于旧版前350条清单中，但旧版失败记录表没有此 Record ID；因此按旧版判定为无失败。仅旧版覆盖的维度写为“满足”，新版新增维度保留“未核验”。,2026-07-29T23:53:59.333090+00:00,2026-07-30T00:13:11.652819+00:00
rec_floor_standing_drafting_table_efae69be01cd427baff22f78d16a3ec7,Floor Standing Drafting Table,"A teaching-room drafting table with a wide floor base, a center column, and a tilting board with a bottom tool tray, plus a shallow accessory drawer under th...",否,,,old,满足,满足,满足,,,,满足,满足,,满足,满足,满足,,,,,,旧版350转换（无失败记录）,该案例位于旧版前350条清单中，但旧版失败记录表没有此 Record ID；因此按旧版判定为无失败。仅旧版覆盖的维度写为“满足”，新版新增维度保留“未核验”。,2026-07-29T23:53:59.333090+00:00,2026-07-30T00:13:11.652819+00:00
rec_folding_kick_scooter_38788580f25941099b161dff2d4bdaed,Folding kick scooter,"A wide-deck electric scooter with a flat board deck, front and rear wheels on revolute axles, a display stem that folds at the base on a revolute hinge, and...",否,,,old,满足,满足,满足,,,,满足,满足,,满足,满足,满足,,,,,,旧版350转换（无失败记录）,该案例位于旧版前350条清单中，但旧版失败记录表没有此 Record ID；因此按旧版判定为无失败。仅旧版覆盖的维度写为“满足”，新版新增维度保留“未核验”。,2026-07-29T23:53:59.333090+00:00,2026-07-30T00:13:11.652819+00:00
rec_folding_kick_scooter_450fb93700c64b96970df6952d1eeedb,Folding kick scooter,"A stunt scooter with a clamp-hinge fold at the neck on a revolute joint, a wide deck, and front and rear wheels on fork and axle revolute joints.",否,,,old,满足,满足,满足,,,,满足,满足,,满足,满足,满足,,,,,,旧版350转换（无失败记录）,该案例位于旧版前350条清单中，但旧版失败记录表没有此 Record ID；因此按旧版判定为无失败。仅旧版覆盖的维度写为“满足”，新版新增维度保留“未核验”。,2026-07-29T23:53:59.333090+00:00,2026-07-30T00:13:11.652819+00:00
rec_folding_kick_scooter_7fb5ad6ac7e442a1817a5130f15c03e2,Folding kick scooter,"A children's kick scooter with an oval platform deck, a handlebar stem on a telescoping inner column on a prismatic joint, a fold hinge at the stem base on a...",否,,,old,满足,满足,满足,,,,满足,满足,,满足,满足,满足,,,,,,旧版350转换（无失败记录）,该案例位于旧版前350条清单中，但旧版失败记录表没有此 Record ID；因此按旧版判定为无失败。仅旧版覆盖的维度写为“满足”，新版新增维度保留“未核验”。,2026-07-29T23:53:59.333090+00:00,2026-07-30T00:13:11.652819+00:00
rec_food_processor_with_feed_pusher_1eff34465b8640bf8502a2238846c1ee,Food processor with feed pusher,"A rounded food processor with a low motor base, a medium clear bowl, two side latch arms, and a rear-hinged lid with a feed pusher at the center. The lid rot...",否,,,old,满足,满足,满足,,,,满足,满足,,,,满足,,,,wanglin,invalid_axis_or_range,旧版350转换（有失败记录）,invalid_axis_or_range 无法区分轴向和范围，两个字段均标为待复核。,2026-07-29T23:53:59.333090+00:00,2026-07-30T00:13:11.652819+00:00
rec_food_processor_with_feed_pusher_3dd8988e978d449b8c71864ae8d562d3,Food processor with feed pusher,"A prep food processor with a shallow wide bowl, a broad feed opening, two nested pushers, and a compact front interface with two rocker switches beside a sel...",否,,,old,满足,满足,满足,,,,满足,满足,,满足,满足,不满足,,,,wanglin,missing_dynamics,旧版350转换（有失败记录）,missing_dynamics 按旧标准语义映射到可信实体连接或支撑结构。,2026-07-29T23:53:59.333090+00:00,2026-07-30T00:13:11.652819+00:00
rec_food_processor_with_feed_pusher_3ee2c26bbfdc4b6796d9c2a7bde60647,Food processor with feed pusher,"A boxy food processor with a straight-sided base, a locking bowl, a tall feed pusher, and a front keypad with five rectangular buttons beside one selector di...",否,,,old,满足,满足,满足,,,,满足,满足,,满足,满足,不满足,,,,wanglin,missing_dynamics,旧版350转换（有失败记录）,missing_dynamics 按旧标准语义映射到可信实体连接或支撑结构。,2026-07-29T23:53:59.333090+00:00,2026-07-30T00:13:11.652819+00:00
rec_fourjoint_revolute_chain_2e758c4466f14842a80d2bc04225d7a7,Four-joint revolute chain,"A long serial linkage with five slim box links, a fixed root foot, and a small square pad at the far end. The links should alternate slightly in length so th...",否,,,old,满足,满足,满足,,,,满足,满足,,满足,满足,不满足,,,,wanglin,missing_dynamics,旧版350转换（有失败记录）,missing_dynamics 按旧标准语义映射到可信实体连接或支撑结构。,2026-07-29T23:53:59.333090+00:00,2026-07-30T00:13:11.652819+00:00
rec_fourjoint_revolute_chain_3694cd7dfa63427f943f702f663653c1,Four-joint revolute chain,"A side-plate four-joint revolute chain. A fixed cheek supports a sequence of flat-sided links with compact pin bosses, ending in a compact end tab. The links...",否,,,old,满足,满足,满足,,,,满足,满足,,满足,满足,满足,,,,,,旧版350转换（无失败记录）,该案例位于旧版前350条清单中，但旧版失败记录表没有此 Record ID；因此按旧版判定为无失败。仅旧版覆盖的维度写为“满足”，新版新增维度保留“未核验”。,2026-07-29T23:53:59.333090+00:00,2026-07-30T00:13:11.652819+00:00
rec_fourjoint_revolute_chain_b1e491d7ebdd40db81f51fb97afd176f,Four-joint revolute chain,"A four-joint revolute chain. Five rigid links are connected in series by evenly spaced hinge blocks, with the root link mounted to a fixed base foot. All fou...",否,,,old,满足,满足,满足,,,,满足,满足,,满足,满足,不满足,,,,wanglin,missing_dynamics,旧版350转换（有失败记录）,missing_dynamics 按旧标准语义映射到可信实体连接或支撑结构。,2026-07-29T23:53:59.333090+00:00,2026-07-30T00:13:11.652819+00:00
rec_fourjoint_revolute_chain_f2b10d7a1f8545b88b11894bd4a5fbdf,Four-joint revolute chain,"A compact four-joint revolute chain. A grounded root bracket carries 5 rigid links in series, using hinge blocks between each link and ending in a compact en...",否,,,old,满足,满足,满足,,,,满足,满足,,满足,满足,不满足,,,,wanglin,missing_dynamics,旧版350转换（有失败记录）,missing_dynamics 按旧标准语义映射到可信实体连接或支撑结构。,2026-07-29T23:53:59.333090+00:00,2026-07-30T00:13:11.652819+00:00
rec_frontload_dryer_0003,Front-load dryer,"A heat-pump dryer with a full-size cabinet, a front circular door on two exposed hinge knuckles, a side-accessible lint filter panel door on the right face f...",否,,,old,满足,不满足,不满足,,,,满足,满足,,满足,满足,满足,,,,wanglin,missing_part,旧版350转换（有失败记录）,missing_part → 零件数量和种类、必要结构均标为不满足。,2026-07-29T23:53:59.333090+00:00,2026-07-30T00:13:11.652819+00:00
rec_frontload_dryer_9e209217398f46bb8301d76a213c1a78,Front-load dryer,"A commercial laundry dryer with a stainless-steel body, a large drum on a revolute axle, and a full-circle porthole door on heavy-duty revolute hinges on the...",否,,,old,满足,满足,满足,,,,满足,满足,,满足,满足,不满足,,,,wanglin,missing_dynamics,旧版350转换（有失败记录）,missing_dynamics 按旧标准语义映射到可信实体连接或支撑结构。,2026-07-29T23:53:59.333090+00:00,2026-07-30T00:13:11.652819+00:00
rec_frontload_washing_machine_58c745f730014f96ac492e4515de7d03,Front-load washing machine,"A residential front-load washer with a white rectangular cabinet, a drum on a central revolute axle, and a porthole door with a rubber gasket hinged on the l...",否,,,old,满足,满足,满足,,,,满足,满足,,满足,满足,不满足,,,,wanglin,missing_dynamics; unreasonable_prompt,旧版350转换（有失败记录）,missing_dynamics 按旧标准语义映射到可信实体连接或支撑结构。；unreasonable_prompt 在新版中没有直接对应字段，仅保留旧标签和 Viewer 失败结论。,2026-07-29T23:53:59.333090+00:00,2026-07-30T00:13:11.652819+00:00
rec_frontload_washing_machine_ad8f2d6d97204ef8a736aa342b1dc171,Front-load washing machine,"A combined washer-dryer unit with a wide rectangular body, a front porthole door, and a pull-out soap dispenser drawer. The porthole door opens on revolute h...",否,,,old,满足,满足,满足,,,,满足,满足,,满足,满足,不满足,,,,wanglin,missing_dynamics; unreasonable_prompt,旧版350转换（有失败记录）,missing_dynamics 按旧标准语义映射到可信实体连接或支撑结构。；unreasonable_prompt 在新版中没有直接对应字段，仅保留旧标签和 Viewer 失败结论。,2026-07-29T23:53:59.333090+00:00,2026-07-30T00:13:11.652819+00:00
rec_garden_gate_334f1c74e52643859ad261573b419ec6,Garden gate,"A picket garden gate with a lower surface bolt for holding it open. The rectangular leaf hangs from one side post on two hinges, closes against a latch post...",否,,,old,满足,满足,满足,,,,满足,满足,,满足,满足,满足,,,,,,旧版350转换（无失败记录）,该案例位于旧版前350条清单中，但旧版失败记录表没有此 Record ID；因此按旧版判定为无失败。仅旧版覆盖的维度写为“满足”，新版新增维度保留“未核验”。,2026-07-29T23:53:59.333090+00:00,2026-07-30T00:13:11.652819+00:00
rec_garden_gate_3c2e0130885b4687a0fcc0235864ee22,Garden gate,A privacy garden gate with a solid lower panel and an open lattice upper panel. The framed leaf hangs from one side post on two hinges and closes against the...,否,,,old,满足,满足,满足,,,,满足,满足,,满足,满足,满足,,,,,,旧版350转换（无失败记录）,该案例位于旧版前350条清单中，但旧版失败记录表没有此 Record ID；因此按旧版判定为无失败。仅旧版覆盖的维度写为“满足”，新版新增维度保留“未核验”。,2026-07-29T23:53:59.333090+00:00,2026-07-30T00:13:11.652819+00:00
rec_garden_gate_606996e780e34c76b33094826ebd880a,Garden gate,A farm-style pedestrian gate with welded wire mesh inside a steel tube frame. The single leaf hangs from one post on sleeve hinges and closes at a latch post...,否,,,old,满足,满足,满足,,,,满足,满足,,满足,满足,满足,,,,,,旧版350转换（无失败记录）,该案例位于旧版前350条清单中，但旧版失败记录表没有此 Record ID；因此按旧版判定为无失败。仅旧版覆盖的维度写为“满足”，新版新增维度保留“未核验”。,2026-07-29T23:53:59.333090+00:00,2026-07-30T00:13:11.652819+00:00
rec_garden_gate_82a7be22aa6a4c229e12af01bd8dfde5,Garden gate,"A double-leaf picket garden gate for a courtyard opening. Two narrow framed leaves meet at the center, each hinged to an outer post, with one leaf carrying a...",否,,,old,满足,满足,满足,,,,满足,满足,,满足,满足,满足,,,,,,旧版350转换（无失败记录）,该案例位于旧版前350条清单中，但旧版失败记录表没有此 Record ID；因此按旧版判定为无失败。仅旧版覆盖的维度写为“满足”，新版新增维度保留“未核验”。,2026-07-29T23:53:59.333090+00:00,2026-07-30T00:13:11.652819+00:00
rec_gear_assemblies_0ab342c2068446c49edc6b63a1fec3e1,Gear Assemblies,"A right-angle transfer gearbox with a vertical input shaft carrying a bevel gear, a horizontal layshaft, and a second horizontal output shaft carrying a spur...",否,,,old,满足,满足,满足,,,,满足,满足,,,,满足,,,,wanglin,invalid_axis_or_range,旧版350转换（有失败记录）,invalid_axis_or_range 无法区分轴向和范围，两个字段均标为待复核。,2026-07-29T23:53:59.333090+00:00,2026-07-30T00:13:11.652819+00:00
rec_gear_assemblies_15bdff5e427f4a5d9921e3547d2f3f2e,Gear Assemblies,"A right-angle gear assembly. A base bracket carries a vertical input shaft with a bevel gear and a horizontal output shaft with a mating bevel gear, plus a s...",否,,,old,满足,满足,满足,,,,满足,满足,,满足,满足,不满足,,,,wanglin,missing_dynamics,旧版350转换（有失败记录）,missing_dynamics 按旧标准语义映射到可信实体连接或支撑结构。,2026-07-29T23:53:59.333090+00:00,2026-07-30T00:13:11.652819+00:00
rec_gear_assemblies_37adb8ec4aa541c7a5ab820de1d0fd65,Gear Assemblies,A stacked reduction gear bench assembly. A grounded side frame supports four parallel shafts carrying large and small spur gears in a stepped reduction layou...,否,,,old,满足,满足,满足,,,,满足,满足,,,,满足,,,,wanglin,invalid_axis_or_range,旧版350转换（有失败记录）,invalid_axis_or_range 无法区分轴向和范围，两个字段均标为待复核。,2026-07-29T23:53:59.333090+00:00,2026-07-30T00:13:11.652819+00:00
rec_gear_assemblies_d7ca69ea418840b3847207b8b97c711d,Gear Assemblies,An open reduction gearbox with parallel shafts. A grounded housing base exposes several parallel shafts with one obvious gear on each stage and no enclosing...,否,,,old,满足,满足,满足,,,,满足,满足,,满足,满足,满足,,,,,,旧版350转换（无失败记录）,该案例位于旧版前350条清单中，但旧版失败记录表没有此 Record ID；因此按旧版判定为无失败。仅旧版覆盖的维度写为“满足”，新版新增维度保留“未核验”。,2026-07-29T23:53:59.333090+00:00,2026-07-30T00:13:11.652819+00:00
rec_glasses_c96011a697d248149072f0aeee8c0b83,Glasses,A pair of aviator glasses with teardrop rims and a double bridge. The thin metal front carries two adjustable nose-pad arms and two slender temple arms attac...,否,,,old,满足,满足,满足,,,,满足,满足,,满足,满足,满足,,,,,,旧版350转换（无失败记录）,该案例位于旧版前350条清单中，但旧版失败记录表没有此 Record ID；因此按旧版判定为无失败。仅旧版覆盖的维度写为“满足”，新版新增维度保留“未核验”。,2026-07-29T23:53:59.333090+00:00,2026-07-30T00:13:11.652819+00:00
rec_glasses_d7a1d006da6542a8bbd4d8252606a066,Glasses,"A pair of half-rim reading glasses with slim wire temples. The upper brow bar carries two lower lens supports, adjustable nose-pad arms near the bridge, and...",否,,,old,满足,满足,满足,,,,满足,满足,,满足,满足,满足,,,,,,旧版350转换（无失败记录）,该案例位于旧版前350条清单中，但旧版失败记录表没有此 Record ID；因此按旧版判定为无失败。仅旧版覆盖的维度写为“满足”，新版新增维度保留“未核验”。,2026-07-29T23:53:59.333090+00:00,2026-07-30T00:13:11.652819+00:00
rec_glasses_f16b5b10c15c4b5e916823c02194c031,Glasses,"A pair of flip-up driving glasses with a main frame, two temple arms, and a tinted secondary lens frame mounted ahead of the primary rims. The tinted front i...",否,,,old,满足,满足,满足,,,,满足,满足,,满足,满足,满足,,,,,,旧版350转换（无失败记录）,该案例位于旧版前350条清单中，但旧版失败记录表没有此 Record ID；因此按旧版判定为无失败。仅旧版覆盖的维度写为“满足”，新版新增维度保留“未核验”。,2026-07-29T23:53:59.333090+00:00,2026-07-30T00:13:11.652819+00:00
rec_globe_3dfdcdb0007d48f59136d9212f155f76,Globe,"An antique desk globe with a tilted meridian and a four-foot pedestal base. The sphere is carried between polar pivots inside the meridian, and the meridian...",否,,,old,满足,满足,满足,,,,满足,满足,,满足,满足,满足,,,,,,旧版350转换（无失败记录）,该案例位于旧版前350条清单中，但旧版失败记录表没有此 Record ID；因此按旧版判定为无失败。仅旧版覆盖的维度写为“满足”，新版新增维度保留“未核验”。,2026-07-29T23:53:59.333090+00:00,2026-07-30T00:13:11.652819+00:00
rec_globe_dd09f51da481436e8a10f6b573d84744,Globe,"A wall-mounted globe with a projecting support arm and a partial meridian ring. The sphere sits between polar pivots inside the ring, and the ring is carried...",否,,,old,满足,满足,满足,,,,满足,满足,,满足,满足,满足,,,,,,旧版350转换（无失败记录）,该案例位于旧版前350条清单中，但旧版失败记录表没有此 Record ID；因此按旧版判定为无失败。仅旧版覆盖的维度写为“满足”，新版新增维度保留“未核验”。,2026-07-29T23:53:59.333090+00:00,2026-07-30T00:13:11.652819+00:00
rec_globe_e4280c31c61d4872a54824276a852921,Globe,"An executive floor globe with a large sphere above a tripod stand and a circular map shelf. The sphere sits in a partial meridian on polar pivots, and the su...",否,,,old,满足,满足,满足,,,,满足,满足,,满足,满足,满足,,,,,,旧版350转换（无失败记录）,该案例位于旧版前350条清单中，但旧版失败记录表没有此 Record ID；因此按旧版判定为无失败。仅旧版覆盖的维度写为“满足”，新版新增维度保留“未核验”。,2026-07-29T23:53:59.333090+00:00,2026-07-30T00:13:11.652819+00:00
rec_glove_compartment_door_45543328d06d43e29b8030ff3d1070ed,Glove compartment door,"A utility vehicle glove compartment with a left-hinged narrow door and a keyed cam latch. The fixed dash bin sits behind a rectangular opening, and the door...",否,,,old,满足,满足,满足,,,,满足,满足,,满足,满足,满足,,,,,,旧版350转换（无失败记录）,该案例位于旧版前350条清单中，但旧版失败记录表没有此 Record ID；因此按旧版判定为无失败。仅旧版覆盖的维度写为“满足”，新版新增维度保留“未核验”。,2026-07-29T23:53:59.333090+00:00,2026-07-30T00:13:11.652819+00:00
rec_glove_compartment_door_b0ca9e45cef4411bb07b4f54337bc961,Glove compartment door,"A utility-vehicle glove compartment with a narrow side-hinged door. The storage bin is fixed inside the dashboard, and the door is attached to one side wall...",否,,,old,满足,不满足,不满足,,,,满足,满足,,满足,满足,满足,,,,wanglin,missing_part,旧版350转换（有失败记录）,missing_part → 零件数量和种类、必要结构均标为不满足。,2026-07-29T23:53:59.333090+00:00,2026-07-30T00:13:11.652819+00:00
rec_graphics_card_with_cooling_fans_0003,Graphics card with cooling fans,"A dual-slot desktop graphics card. A long rectangular PCB carries a shrouded heatsink and two axial cooling fans on the front face, with a bracket plate at o...",否,,,old,满足,满足,满足,,,,满足,满足,,满足,满足,满足,,,,,,旧版350转换（无失败记录）,该案例位于旧版前350条清单中，但旧版失败记录表没有此 Record ID；因此按旧版判定为无失败。仅旧版覆盖的维度写为“满足”，新版新增维度保留“未核验”。,2026-07-29T23:53:59.333090+00:00,2026-07-30T00:13:11.652819+00:00
rec_graphics_card_with_cooling_fans_9d1b234ba6b24c50852792133b616225,Graphics card with cooling fans,"A heavy triple-fan graphics card with a side anti-sag prop leg. The long shrouded body spans over the PCB and heatsink, and a hinged support leg folds out fr...",否,,,old,满足,满足,满足,,,,满足,满足,,满足,满足,满足,,,,,,旧版350转换（无失败记录）,该案例位于旧版前350条清单中，但旧版失败记录表没有此 Record ID；因此按旧版判定为无失败。仅旧版覆盖的维度写为“满足”，新版新增维度保留“未核验”。,2026-07-29T23:53:59.333090+00:00,2026-07-30T00:13:11.652819+00:00
rec_grill_with_hinged_lid_c23696fa9e3d484091a8552a7b47528a,Grill with hinged lid,"A cart-style gas grill with two separate hinged lids over left and right cooking zones. The lower cookbox is fixed to a wheeled cart, each lid has its own ha...",否,,,old,满足,满足,满足,,,,满足,满足,,,满足,不满足,,,,wanglin,bearing designed error,旧版350转换（有失败记录）,bearing designed error → 实体连接/支撑不满足；装配关系和关节轴向待复核。,2026-07-29T23:53:59.333090+00:00,2026-07-30T00:13:11.652819+00:00
rec_hand_truck_dolly_0002,Hand truck dolly,"A standard upright hand truck. A tubular frame rises from a flat toe plate, with two large wheels mounted on an axle at the lower rear corners and loop handl...",否,,,old,满足,满足,满足,,,,满足,满足,,满足,满足,满足,,,,,,旧版350转换（无失败记录）,该案例位于旧版前350条清单中，但旧版失败记录表没有此 Record ID；因此按旧版判定为无失败。仅旧版覆盖的维度写为“满足”，新版新增维度保留“未核验”。,2026-07-29T23:53:59.333090+00:00,2026-07-30T00:13:11.652819+00:00
rec_hand_truck_dolly_1a842b7dbed8438c84571e70a7a63608,Hand truck dolly,"A convertible dolly with a rear wheel axle and a fold-down front caster module. The upright frame carries two large rear wheels and a main nose plate, while...",否,,,old,满足,满足,满足,,,,满足,满足,,满足,满足,满足,,,,,,旧版350转换（无失败记录）,该案例位于旧版前350条清单中，但旧版失败记录表没有此 Record ID；因此按旧版判定为无失败。仅旧版覆盖的维度写为“满足”，新版新增维度保留“未核验”。,2026-07-29T23:53:59.333090+00:00,2026-07-30T00:13:11.652819+00:00
rec_hand_truck_dolly_867598cfb9504138aa10b457e62584f8,Hand truck dolly,A keg hand truck with a curved back frame and a folding retaining hook. The tall frame has two transport wheels at the rear and a small top hook that folds d...,否,,,old,满足,满足,满足,,,,满足,满足,,满足,满足,满足,,,,,,旧版350转换（无失败记录）,该案例位于旧版前350条清单中，但旧版失败记录表没有此 Record ID；因此按旧版判定为无失败。仅旧版覆盖的维度写为“满足”，新版新增维度保留“未核验”。,2026-07-29T23:53:59.333090+00:00,2026-07-30T00:13:11.652819+00:00
rec_hinged_window_or_hatch_4a234f163ab84ad1bde9f259c8a90b13,Hinged window or hatch,"A realistic, highly detailed hinged window or hatch with a sturdy frame, clear panel or solid panel construction, and believable mounting hardware. The openi...",否,,,old,满足,满足,满足,,,,满足,满足,,满足,满足,满足,,,,wanglin,unreasonable_prompt,旧版350转换（有失败记录）,unreasonable_prompt 在新版中没有直接对应字段，仅保留旧标签和 Viewer 失败结论。,2026-07-29T23:53:59.333090+00:00,2026-07-30T00:13:11.652819+00:00
rec_hinged_window_or_hatch_622e2e308f914295b168625df63170d6,Hinged window or hatch,"An aircraft-style access hatch with a side hinge and two latch dogs on the opposite edge. The thick outer frame surrounds a slightly recessed panel, and the...",否,,,old,满足,满足,满足,,,,满足,满足,,满足,满足,满足,,,,,,旧版350转换（无失败记录）,该案例位于旧版前350条清单中，但旧版失败记录表没有此 Record ID；因此按旧版判定为无失败。仅旧版覆盖的维度写为“满足”，新版新增维度保留“未核验”。,2026-07-29T23:53:59.333090+00:00,2026-07-30T00:13:11.652819+00:00
rec_hinged_window_or_hatch_c93e1e96359b4fc6b40aeef29b2037b3,Hinged window or hatch,A side-hinged casement window in a rectangular frame. A glazed sash mounts to one jamb on two hinges and carries a crank or lever handle at the opposite side...,否,,,old,满足,满足,满足,,,,满足,满足,,满足,满足,满足,,,,wanglin,unreasonable_prompt,旧版350转换（有失败记录）,unreasonable_prompt 在新版中没有直接对应字段，仅保留旧标签和 Viewer 失败结论。,2026-07-29T23:53:59.333090+00:00,2026-07-30T00:13:11.652819+00:00
rec_hingeddoor_cabinet_0001,Hinged-door cabinet,"A realistic, highly detailed cabinet with a well-built body, hinged doors, and believable handles, hinges, and interior volume. The doors articulate naturall...",否,,,old,满足,满足,满足,,,,满足,满足,,满足,满足,满足,,,,,,旧版350转换（无失败记录）,该案例位于旧版前350条清单中，但旧版失败记录表没有此 Record ID；因此按旧版判定为无失败。仅旧版覆盖的维度写为“满足”，新版新增维度保留“未核验”。,2026-07-29T23:53:59.333090+00:00,2026-07-30T00:13:11.652819+00:00
rec_hingeddoor_cabinet_0002,Hinged-door cabinet,"A small wall cabinet with two side-hinged doors. A rectangular box body has a top, bottom, two sides, and a central shelf, with each front door mounted to an...",否,,,old,满足,满足,满足,,,,满足,满足,,满足,满足,满足,,,,,,旧版350转换（无失败记录）,该案例位于旧版前350条清单中，但旧版失败记录表没有此 Record ID；因此按旧版判定为无失败。仅旧版覆盖的维度写为“满足”，新版新增维度保留“未核验”。,2026-07-29T23:53:59.333090+00:00,2026-07-30T00:13:11.652819+00:00
rec_hingeddoor_cabinet_70aaa61e823049d6ba775ffab0810aa9,Hinged-door cabinet,"A realistic, highly detailed cabinet with a well-built body, hinged doors, and believable handles, hinges, and interior volume. The doors articulate naturall...",否,,,old,满足,满足,满足,,,,满足,满足,,满足,满足,满足,,,,,,旧版350转换（无失败记录）,该案例位于旧版前350条清单中，但旧版失败记录表没有此 Record ID；因此按旧版判定为无失败。仅旧版覆盖的维度写为“满足”，新版新增维度保留“未核验”。,2026-07-29T23:53:59.333090+00:00,2026-07-30T00:13:11.652819+00:00
rec_hingeddoor_cabinet_cb53f306db124c92bc397dd2789bdd60,Hinged-door cabinet,A tall pantry cabinet with separate upper and lower doors on the same side. The cabinet carcass is a full-height rectangle with a divider rail between the co...,否,,,old,满足,满足,满足,,,,满足,满足,,满足,满足,满足,,,,,,旧版350转换（无失败记录）,该案例位于旧版前350条清单中，但旧版失败记录表没有此 Record ID；因此按旧版判定为无失败。仅旧版覆盖的维度写为“满足”，新版新增维度保留“未核验”。,2026-07-29T23:53:59.333090+00:00,2026-07-30T00:13:11.652819+00:00
rec_instrument_case_with_hinged_lid_39f5cfa36a9c4ebbbe6fbc3387f6fd6c,Instrument case with hinged lid,"A guitar effects carry case with an angled lower tray and a hinged dust cover. The lower shell is broad and shallow, and the cover is attached at the rear ed...",否,,,old,满足,满足,满足,,,,满足,满足,,满足,满足,满足,,,,,,旧版350转换（无失败记录）,该案例位于旧版前350条清单中，但旧版失败记录表没有此 Record ID；因此按旧版判定为无失败。仅旧版覆盖的维度写为“满足”，新版新增维度保留“未核验”。,2026-07-29T23:53:59.333090+00:00,2026-07-30T00:13:11.652819+00:00
rec_instrument_case_with_hinged_lid_dac33e02a9b54dda87a3e498fd1dd0d5,Instrument case with hinged lid,"A compact clarinet case with a flat-bottom shell and a domed lid. The molded lower body holds the instrument cavity, the lid is attached along the rear edge,...",否,,,old,满足,满足,满足,,,,满足,满足,,满足,满足,满足,,,,,,旧版350转换（无失败记录）,该案例位于旧版前350条清单中，但旧版失败记录表没有此 Record ID；因此按旧版判定为无失败。仅旧版覆盖的维度写为“满足”，新版新增维度保留“未核验”。,2026-07-29T23:53:59.333090+00:00,2026-07-30T00:13:11.652819+00:00
rec_instrument_case_with_hinged_lid_f494d0f9c8f248d2811b718eb5468091,Instrument case with hinged lid,"A flute case with a slim rectangular shell and a broad top lid. The rigid lower tray is shallow and narrow, and the lid is attached along the back edge with...",否,,,old,满足,满足,满足,,,,满足,满足,,满足,满足,满足,,,,,,旧版350转换（无失败记录）,该案例位于旧版前350条清单中，但旧版失败记录表没有此 Record ID；因此按旧版判定为无失败。仅旧版覆盖的维度写为“满足”，新版新增维度保留“未核验”。,2026-07-29T23:53:59.333090+00:00,2026-07-30T00:13:11.652819+00:00
rec_internet_router_274198c982a8449aba4b339dafd57dea,Internet Router,"A premium home router with four antennas and a rotary brightness knob. The faceted body carries two antennas at the rear and one on each side, with a small k...",否,,,old,满足,满足,满足,,,,满足,满足,,满足,满足,满足,,,,wanglin,unreasonable_prompt,旧版350转换（有失败记录）,unreasonable_prompt 在新版中没有直接对应字段，仅保留旧标签和 Viewer 失败结论。,2026-07-29T23:53:59.333090+00:00,2026-07-30T00:13:11.652819+00:00
rec_internet_router_2f4a8a7046e14284bd1493e09fd6abf3,Internet Router,"An upright home router with a vertical slab body and a fold-out rear kickstand. The housing stands on its lower edge, two short antennas hinge from the top c...",否,,,old,满足,满足,满足,,,,满足,满足,,满足,满足,满足,,,,,,旧版350转换（无失败记录）,该案例位于旧版前350条清单中，但旧版失败记录表没有此 Record ID；因此按旧版判定为无失败。仅旧版覆盖的维度写为“满足”，新版新增维度保留“未核验”。,2026-07-29T23:53:59.333090+00:00,2026-07-30T00:13:11.652819+00:00
rec_internet_router_4924d7f6822a463492db178591ba1ed1,Internet Router,"A premium home router with four antennas and a rotary brightness knob. The faceted body carries two antennas at the rear and one on each side, with a small k...",否,,,old,满足,满足,满足,,,,满足,满足,,满足,满足,满足,,,,wanglin,unreasonable_prompt,旧版350转换（有失败记录）,unreasonable_prompt 在新版中没有直接对应字段，仅保留旧标签和 Viewer 失败结论。,2026-07-29T23:53:59.333090+00:00,2026-07-30T00:13:11.652819+00:00
rec_jet_engine_0001,Jet Engine,"A realistic, highly detailed jet engine with a convincing nacelle, intake, fan assembly, core, and exhaust structure. The fan and any standard exposed mechan...",否,,,old,满足,满足,满足,,,,满足,满足,,满足,满足,满足,,,,,,旧版350转换（无失败记录）,该案例位于旧版前350条清单中，但旧版失败记录表没有此 Record ID；因此按旧版判定为无失败。仅旧版覆盖的维度写为“满足”，新版新增维度保留“未核验”。,2026-07-29T23:53:59.333090+00:00,2026-07-30T00:13:11.652819+00:00
rec_jet_engine_278c04c01aad44c18023852aa316c0eb,Jet Engine,A compact turbojet module on a maintenance stand with a visible compressor face and a short exhaust nozzle. The cylindrical outer case is supported by a simp...,否,,,old,满足,不满足,不满足,,,,满足,满足,,满足,满足,满足,,,,wanglin,missing_part,旧版350转换（有失败记录）,missing_part → 零件数量和种类、必要结构均标为不满足。,2026-07-29T23:53:59.333090+00:00,2026-07-30T00:13:11.652819+00:00
rec_joystick_mechanism_3ffe5cc58efe4b0b968e0c3354a8df15,Joystick mechanism,"A low console joystick module with a shallow circular base cup, an outer gimbal ring, an inner trunnion cradle, and a short central stick capped by a knurled...",否,,,old,满足,满足,满足,,,,满足,满足,,满足,满足,不满足,,,,wanglin,missing_dynamics; unreasonable_prompt,旧版350转换（有失败记录）,missing_dynamics 按旧标准语义映射到可信实体连接或支撑结构。；unreasonable_prompt 在新版中没有直接对应字段，仅保留旧标签和 Viewer 失败结论。,2026-07-29T23:53:59.333090+00:00,2026-07-30T00:13:11.652819+00:00
rec_joystick_mechanism_4d2413080c2648bfaf5f622c417b2aad,Joystick mechanism,"A cardan-ring joystick mechanism. A grounded cup base supports an outer ring, an inner ring, and a rigid central stick fixed to the inner ring. The outer and...",否,,,old,满足,不满足,不满足,,,,满足,满足,,满足,满足,满足,,,,wanglin,missing_part,旧版350转换（有失败记录）,missing_part → 零件数量和种类、必要结构均标为不满足。,2026-07-29T23:53:59.333090+00:00,2026-07-30T00:13:11.652819+00:00
rec_joystick_mechanism_e1340223e0e74a7f8ad40f637f756279,Joystick mechanism,"An under-slung joystick assembly. A top support bracket carries an outer yoke and an inner yoke below it, with the stick projecting downward from the innermo...",否,,,old,满足,满足,满足,,,,满足,满足,,满足,满足,不满足,,,,wanglin,missing_dynamics,旧版350转换（有失败记录）,missing_dynamics 按旧标准语义映射到可信实体连接或支撑结构。,2026-07-29T23:53:59.333090+00:00,2026-07-30T00:13:11.652819+00:00
rec_keyboard_0005,Keyboard,"A compact mechanical keyboard. A rectangular case supports a grid of raised keycaps and a space bar row, with all keys arranged on a slightly recessed top pl...",否,,,old,满足,满足,满足,,,,满足,满足,,,,满足,,,,wanglin,invalid_axis_or_range,旧版350转换（有失败记录）,invalid_axis_or_range 无法区分轴向和范围，两个字段均标为待复核。,2026-07-29T23:53:59.333090+00:00,2026-07-30T00:13:11.652819+00:00
rec_keyboard_070549289ffa4a2e9a55bbbce0ef9a74,Keyboard,"A full-size office keyboard with a main typing block, a numeric keypad, and flip-out rear feet under the back edge. The broad housing carries stepped key row...",否,,,old,满足,满足,满足,,,,满足,满足,,,,满足,,,,wanglin,invalid_axis_or_range,旧版350转换（有失败记录）,invalid_axis_or_range 无法区分轴向和范围，两个字段均标为待复核。,2026-07-29T23:53:59.333090+00:00,2026-07-30T00:13:11.652819+00:00
rec_keyboard_5acc1d5940194353b53a5281f209cf48,Keyboard,"A full-size office keyboard with a main typing block, a numeric keypad, and flip-out rear feet under the back edge. The broad housing carries stepped key row...",否,,,old,满足,满足,满足,,,,满足,满足,,,,满足,,,,wanglin,invalid_axis_or_range,旧版350转换（有失败记录）,invalid_axis_or_range 无法区分轴向和范围，两个字段均标为待复核。,2026-07-29T23:53:59.333090+00:00,2026-07-30T00:13:11.652819+00:00
rec_kick_scooter_0ae02eeffd0a45249a0cf934ff7680a3,Kick scooter,"An off-road kick scooter with large pneumatic wheels and a front fork. The long deck is fixed between a steerable front fork and a rear wheel swing bracket,...",否,,,old,满足,满足,满足,,,,满足,满足,,满足,满足,不满足,,,,wanglin,missing_dynamics,旧版350转换（有失败记录）,missing_dynamics 按旧标准语义映射到可信实体连接或支撑结构。,2026-07-29T23:53:59.333090+00:00,2026-07-30T00:13:11.652819+00:00
rec_kick_scooter_1939550f20084105a5179045db848945,Kick scooter,"A compact travel scooter with a folding handlebar and a slim deck. The narrow deck carries the front steering column, and the handlebar crossbar folds down a...",否,,,old,满足,满足,满足,,,,满足,满足,,满足,满足,不满足,,,,wanglin,missing_dynamics,旧版350转换（有失败记录）,missing_dynamics 按旧标准语义映射到可信实体连接或支撑结构。,2026-07-29T23:53:59.333090+00:00,2026-07-30T00:13:11.652819+00:00
rec_knee_scooter_0567415d5bbb478a9c569606bf3612ef,Knee scooter,"An all-terrain knee scooter with a broad knee pad, a steerable front fork, and large pneumatic wheels. The rectangular main frame carries two rear wheels on...",否,,,old,满足,满足,满足,,,,满足,满足,,,满足,不满足,,,,wanglin,bearing designed error,旧版350转换（有失败记录）,bearing designed error → 实体连接/支撑不满足；装配关系和关节轴向待复核。,2026-07-29T23:53:59.333090+00:00,2026-07-30T00:13:11.652819+00:00
rec_knee_scooter_1bfb55a23549483abe7babf708aee734,Knee scooter,A medical knee scooter with an adjustable knee pad post and a telescoping handlebar stem. The main frame carries two rear wheels on fixed supports and a fron...,否,,,old,满足,满足,满足,,,,满足,满足,,,满足,不满足,,,,wanglin,bearing designed error,旧版350转换（有失败记录）,bearing designed error → 实体连接/支撑不满足；装配关系和关节轴向待复核。,2026-07-29T23:53:59.333090+00:00,2026-07-30T00:13:11.652819+00:00
rec_laptop_clamshell_85db441f7f4c46aaafaba3465723aaf1,Laptop clamshell,"A workstation laptop with a hinged display and a pop-open service door under the base. The heavy lower body carries the keyboard deck, and a small access pan...",否,,,old,满足,满足,满足,,,,满足,满足,,满足,满足,不满足,,,,wanglin,missing_dynamics; unreasonable_prompt,旧版350转换（有失败记录）,missing_dynamics 按旧标准语义映射到可信实体连接或支撑结构。；unreasonable_prompt 在新版中没有直接对应字段，仅保留旧标签和 Viewer 失败结论。,2026-07-29T23:53:59.333090+00:00,2026-07-30T00:13:11.652819+00:00
rec_laptop_stand_with_articulated_height_adjustment_45350b6e78304c44ba7d2768dfe41a4b,Laptop stand with articulated height adjustment,"A folding laptop stand with a flat base plate, a Z-style support arm, and a vented top tray with front retaining lips. The support arm remains a real paired...",否,,,old,满足,满足,满足,,,,满足,满足,,满足,满足,不满足,,,,wanglin,missing_dynamics; unreasonable_prompt,旧版350转换（有失败记录）,missing_dynamics 按旧标准语义映射到可信实体连接或支撑结构。；unreasonable_prompt 在新版中没有直接对应字段，仅保留旧标签和 Viewer 失败结论。,2026-07-29T23:53:59.333090+00:00,2026-07-30T00:13:11.652819+00:00
rec_laptop_stand_with_articulated_height_adjustment_bf61c06b80974103bfc122e22b9e4b2f,Laptop stand with articulated height adjustment,"A workstation laptop stand with a rectangular base, two short telescoping rear posts, and a single rigid tray spanning between the post tops. The two rear po...",否,,,old,满足,满足,满足,,,,满足,满足,,满足,满足,不满足,,,,wanglin,missing_dynamics,旧版350转换（有失败记录）,missing_dynamics 按旧标准语义映射到可信实体连接或支撑结构。,2026-07-29T23:53:59.333090+00:00,2026-07-30T00:13:11.652819+00:00
rec_lazy_susan_58dd9952bab54662b5e964ab70b82693,Lazy Susan,"A tabletop serving lazy Susan with an outer ring and an inner center platter on independent bearings. The larger lower disc supports the outer serving ring,...",否,,,old,满足,满足,满足,,,,满足,满足,,满足,满足,满足,,,,,,旧版350转换（无失败记录）,该案例位于旧版前350条清单中，但旧版失败记录表没有此 Record ID；因此按旧版判定为无失败。仅旧版覆盖的维度写为“满足”，新版新增维度保留“未核验”。,2026-07-29T23:53:59.333090+00:00,2026-07-30T00:13:11.652819+00:00
rec_lazy_susan_680a69dffc9842a59b0aacd7654e9a86,Lazy Susan,A two-tier pantry lazy Susan with a lower fixed base and one rotating shelf. The visible geometry is a broad circular tray above a low cylindrical support ri...,否,,,old,满足,满足,满足,,,,满足,满足,,满足,满足,满足,,,,,,旧版350转换（无失败记录）,该案例位于旧版前350条清单中，但旧版失败记录表没有此 Record ID；因此按旧版判定为无失败。仅旧版覆盖的维度写为“满足”，新版新增维度保留“未核验”。,2026-07-29T23:53:59.333090+00:00,2026-07-30T00:13:11.652819+00:00
rec_lazy_susan_8993eb65fa824308aa175d873efd9225,Lazy Susan,A spice-carousel lazy Susan with a tall outer rail and a central bearing base. The round tray has shallow compartments around the perimeter and a low circula...,否,,,old,满足,满足,满足,,,,满足,满足,,,满足,不满足,,,,wanglin,bearing designed error,旧版350转换（有失败记录）,bearing designed error → 实体连接/支撑不满足；装配关系和关节轴向待复核。,2026-07-29T23:53:59.333090+00:00,2026-07-30T00:13:11.652819+00:00
rec_lazy_susan_d8d9e3ee360a4aa3a0e99ce6a3e0c332,Lazy Susan,"A realistic, highly detailed table with an integrated lazy Susan, featuring a stable table base, a broad tabletop surface, and a centered rotating serving tr...",否,,,old,满足,不满足,不满足,,,,满足,满足,,满足,满足,满足,,,,wanglin,missing_part,旧版350转换（有失败记录）,missing_part → 零件数量和种类、必要结构均标为不满足。,2026-07-29T23:53:59.333090+00:00,2026-07-30T00:13:11.652819+00:00
rec_lighthouse_with_rotating_beacon_assembly_0003,Lighthouse with rotating beacon assembly,A squat harbor lighthouse with a polygonal lantern room and exposed beacon mechanism. The upper lantern enclosure surrounds a central pedestal carrying a rot...,否,,,old,满足,满足,满足,,,,满足,满足,,满足,满足,满足,,,,,,旧版350转换（无失败记录）,该案例位于旧版前350条清单中，但旧版失败记录表没有此 Record ID；因此按旧版判定为无失败。仅旧版覆盖的维度写为“满足”，新版新增维度保留“未核验”。,2026-07-29T23:53:59.333090+00:00,2026-07-30T00:13:11.652819+00:00
rec_lighthouse_with_rotating_beacon_assembly_3e0948315a294f6db131d016f58749fd,Lighthouse with rotating beacon assembly,"A cast-iron lighthouse lantern with a cylindrical glass room, a rotating beacon carriage, and a narrow side service door in the lantern wall. The beacon sits...",否,,,old,满足,满足,满足,,,,满足,满足,,满足,满足,满足,,,,,,旧版350转换（无失败记录）,该案例位于旧版前350条清单中，但旧版失败记录表没有此 Record ID；因此按旧版判定为无失败。仅旧版覆盖的维度写为“满足”，新版新增维度保留“未核验”。,2026-07-29T23:53:59.333090+00:00,2026-07-30T00:13:11.652819+00:00
rec_lighthouse_with_rotating_beacon_assembly_448f6b64f01444d88f1e6d054769ace0,Lighthouse with rotating beacon assembly,A masonry lighthouse lantern with a rotating beacon carriage and a narrow side service door. The beacon sits on a central vertical shaft inside the lantern r...,否,,,old,满足,不满足,不满足,,,,满足,满足,,满足,满足,满足,,,,wanglin,missing_part,旧版350转换（有失败记录）,missing_part → 零件数量和种类、必要结构均标为不满足。,2026-07-29T23:53:59.333090+00:00,2026-07-30T00:13:11.652819+00:00
rec_lighthouse_with_rotating_beacon_assembly_fdfab4c723ff4d1fabdba0f81f5a3d5d,Lighthouse with rotating beacon assembly,"A tall striped lighthouse with a narrow lantern room and a vented cap. The light assembly stands on a central pedestal inside the lantern glazing, and a trap...",否,,,old,满足,满足,满足,,,,满足,满足,,满足,满足,满足,,,,,,旧版350转换（无失败记录）,该案例位于旧版前350条清单中，但旧版失败记录表没有此 Record ID；因此按旧版判定为无失败。仅旧版覆盖的维度写为“满足”，新版新增维度保留“未核验”。,2026-07-29T23:53:59.333090+00:00,2026-07-30T00:13:11.652819+00:00
rec_linear_carriage_with_independent_rotary_endeffector_2d03511e3d564c29818bc2c343def996,Linear carriage with independent rotary end-effector,"An inspection rail module with a low base guide, a sliding carriage block, and a compact vertical spindle nose mounted on the carriage. The carriage and spin...",否,,,old,满足,满足,满足,,,,满足,满足,,,,满足,,,,wanglin,invalid_axis_or_range,旧版350转换（有失败记录）,invalid_axis_or_range 无法区分轴向和范围，两个字段均标为待复核。,2026-07-29T23:53:59.333090+00:00,2026-07-30T00:13:11.652819+00:00
rec_linear_carriage_with_independent_rotary_endeffector_40c84278589743b0a74fe296a07763ad,Linear carriage with independent rotary end-effector,A bridge-backed transfer axis with turning head. A rear frame carries a straight slide stage and a moving head with its own compact rotary output. The slide...,否,,,old,满足,满足,满足,,,,满足,满足,,,,满足,,,,wanglin,invalid_axis_or_range,旧版350转换（有失败记录）,invalid_axis_or_range 无法区分轴向和范围，两个字段均标为待复核。,2026-07-29T23:53:59.333090+00:00,2026-07-30T00:13:11.652819+00:00
rec_linear_carriage_with_independent_rotary_endeffector_7e401e1f2d26464db61a45bbc9a9014b,Linear carriage with independent rotary end-effector,"A bench transfer axis with a rotary tool nose. A fixed guide rail supports a moving saddle, while the saddle carries a short cylindrical output stage with cl...",否,,,old,满足,不满足,不满足,,,,满足,满足,,满足,满足,满足,,,,wanglin,missing_part,旧版350转换（有失败记录）,missing_part → 零件数量和种类、必要结构均标为不满足。,2026-07-29T23:53:59.333090+00:00,2026-07-30T00:13:11.652819+00:00
rec_linear_carriage_with_independent_rotary_endeffector_89b63bdaa55b4d76a155572b25481c5b,Linear carriage with independent rotary end-effector,"A linear carriage with an independent rotary end-effector. A base rail carries a sliding carriage, and the carriage holds a short tool spindle on its own bea...",否,,,old,满足,满足,满足,,,,满足,满足,,,,满足,,,,wanglin,invalid_axis_or_range,旧版350转换（有失败记录）,invalid_axis_or_range 无法区分轴向和范围，两个字段均标为待复核。,2026-07-29T23:53:59.333090+00:00,2026-07-30T00:13:11.652819+00:00
rec_linear_carriage_with_independent_rotary_endeffector_cfd445a41e914c608d92fd1f3175cc55,Linear carriage with independent rotary end-effector,"An under-slung slide-and-rotary module. A top support carries a hanging carriage, and the hanging carriage supports a small spindle or faceplate on a local b...",否,,,old,满足,不满足,不满足,,,,满足,满足,,满足,满足,满足,,,,wanglin,missing_part,旧版350转换（有失败记录）,missing_part → 零件数量和种类、必要结构均标为不满足。,2026-07-29T23:53:59.333090+00:00,2026-07-30T00:13:11.652819+00:00
rec_box_fan_with_control_knob_c6844a405bc34279abc1e3d01da6a947,Box fan with control knob,"A square box fan with a flat plastic housing, a front wire grille, a multi-blade fan on a central revolute axle, and a rotary speed knob on the side panel.",是,是,否,new,满足,不满足,满足,满足,不满足,满足,满足,满足,满足,满足,满足,满足,满足,不涉及,,yiyun,,,,2026-08-04T14:14:49.571018+00:00,2026-08-04T14:14:49.571018+00:00
rec_frontload_dryer_42eeb6585076482faca978263caba667,Front-load dryer,A compact travel dryer with a collapsible drum housing: the drum on a revolute axle inside a rectangular frame that collapses flat on revolute hinge joints a...,是,是,否,new,不满足,不满足,满足,满足,不满足,满足,满足,满足,满足,满足,满足,满足,满足,不涉及,,yiyun,,,,2026-08-04T14:26:09.203086+00:00,2026-08-04T14:26:09.203086+00:00
rec_revolving_door_2c4aadb9c546454fb61a1fc873553cb2,Revolving Door,A frameless all-glass three-wing revolving door for a boutique storefront. A slim central steel post carries three full-height glass panel wings. The wing as...,是,是,否,new,不满足,不满足,不满足,满足,满足,满足,不满足,不满足,不满足,满足,不满足,不满足,满足,不涉及,,yiyun,,,,2026-08-04T14:39:20.823237+00:00,2026-08-04T14:39:20.823237+00:00
rec_single_revolute_hinge_e79c119a07f34e7f9d15ec16e851768f,Single revolute hinge,"Create a realistic industrial piano hinge segment. Geometry/details required: a long narrow hinge strip with repeated alternating knuckles, many screw bosses...",是,是,否,new,不满足,不满足,不满足,满足,满足,满足,不满足,不满足,满足,满足,满足,不满足,满足,不涉及,,yiyun,,,,2026-08-04T14:46:08.624649+00:00,2026-08-04T14:46:08.624649+00:00
rec_stand_mixer_017fa6b21fa044e693c4bfd68e0c0112,Stand Mixer,"A tilt-head mixer with a rounded body, a polished bowl on a bayonet twist seat, and a rear lock lever behind the hinge. The head rotates upward on the rear h...",是,是,否,new,不满足,不满足,不满足,不满足,不满足,满足,不满足,满足,不满足,不满足,不满足,满足,满足,不涉及,,yiyun,,,,2026-08-04T14:53:52.352874+00:00,2026-08-04T14:57:28.957881+00:00
rec_trigger_spray_bottle_afbf28a26828416fbbb796100a7900ca,Trigger spray bottle,Build a precision professional Trigger spray bottle tuned for calibration and repeatable alignment. Use a bottle plus trigger head with visible trigger-to-pu...,是,是,否,new,不满足,不满足,不满足,不满足,满足,满足,不满足,不满足,不满足,不满足,不满足,不满足,不满足,不涉及,,yiyun,,,,2026-08-04T15:02:22.743844+00:00,2026-08-04T15:02:22.743844+00:00
rec_air_conditioning_machine_a1d144b8bc5147d096a336c7d1959b53,Air conditioning machine,"A window air conditioning machine with a boxy body, a front vent with adjustable louvers, and a right-side slider bank for fan and temperature. The main vent...",是,是,否,new,满足,不满足,不满足,满足,满足,满足,满足,满足,满足,满足,满足,满足,满足,不涉及,,yiyun,,,,2026-08-04T15:07:12.995840+00:00,2026-08-04T15:07:12.995840+00:00
rec_air_purifier_with_filter_door_758d9c7e1dc442fca70f28c9f5a6c4e2,Air purifier with filter door,"An industrial floor-standing air scrubber with a tall rectangular cabinet on caster wheels, a large hinged front access door on two revolute hinge knuckles a...",是,是,否,new,满足,满足,不满足,满足,满足,满足,满足,满足,满足,满足,满足,满足,满足,不涉及,,yiyun,,,,2026-08-04T15:20:26.919458+00:00,2026-08-04T15:20:26.919458+00:00
rec_arcade_machine_377993e5d19940898760ab97ee8aba05,Arcade Machine,"A two-player upright arcade machine with a wide control panel, twin joystick positions, and a lower cashbox door beneath the screen, plus a small payout tray...",是,是,否,new,满足,不满足,不满足,满足,满足,满足,满足,满足,满足,满足,满足,满足,满足,不涉及,,yiyun,,,,2026-08-04T15:22:51.149454+00:00,2026-08-04T15:22:51.149454+00:00
rec_barrier_gate_d9609fd9f07a431690ba273c8a86f4e4,Barrier gate,"Create a realistic warehouse safety barrier. Geometry/details required: floor-mounted pivot stand, yellow-black rectangular arm, hinge plates, stop block, an...",是,是,否,new,满足,不满足,不满足,满足,满足,满足,满足,满足,满足,满足,满足,满足,满足,不涉及,,yiyun,,,,2026-08-04T15:26:06.277725+00:00,2026-08-04T15:26:22.079701+00:00
rec_bench_vise_with_prismatic_jaw_1e1b1ed961944a03831423d298d5498b,Bench vise with prismatic jaw,"A clamp-on welding vise with a parallel C-clamp base that grips a workbench, a fixed rear jaw, and a prismatic sliding front jaw. The C-clamp base tightens o...",是,是,否,new,不满足,不满足,不满足,满足,不满足,满足,不满足,不满足,不满足,满足,满足,不满足,满足,不涉及,,yiyun,,,,2026-08-04T15:30:55.716158+00:00,2026-08-04T15:30:55.716158+00:00
rec_blender_0002,Blender,"A personal single-serve blender with a compact tall motor base and a push-to-blend actuator on the base top, a narrow cylindrical jar threading onto the base...",是,是,否,new,不满足,不满足,满足,满足,满足,满足,不满足,不满足,满足,满足,满足,满足,满足,不涉及,,yiyun,,,,2026-08-04T15:41:50.229641+00:00,2026-08-04T15:41:50.229641+00:00
rec_box_fan_with_control_knob_9e3e0eaa1ff9438fbf0b9cf0395d318f,Box fan with control knob,A kitchen range hood box fan with a wide rectangular housing and a removable grease filter panel on the underside. The grease filter slides prismatically out...,是,是,否,new,满足,不满足,满足,满足,满足,满足,满足,满足,满足,满足,满足,满足,满足,不涉及,,yiyun,,,,2026-08-04T15:44:22.435619+00:00,2026-08-04T15:44:22.435619+00:00
rec_branching_tree_with_two_independent_rotary_branches_7d0df2cc7e68406894acc519f0816f11,Branching tree with two independent rotary branches,"A bench fixture tree with a narrow backbone, a lower cantilever arm, and a higher offset arm that projects from a side-mounted hub cartridge. The two branche...",是,是,否,new,满足,满足,不满足,满足,满足,不满足,满足,不满足,不满足,满足,满足,不满足,满足,不涉及,,yiyun,,,,2026-08-04T15:49:44.983610+00:00,2026-08-04T15:49:44.983610+00:00
rec_camera_lens_060cd69b20124e4b86acd9e6f4f25ca8,Camera Lens,"A macro camera lens with a compact outer barrel, a long focus ring, and a telescoping inner barrel for close-focus extension. The focus ring rotates continuo...",是,是,否,new,满足,满足,满足,不满足,满足,满足,满足,满足,满足,满足,满足,满足,满足,不涉及,,yiyun,,,,2026-08-04T15:53:42.482054+00:00,2026-08-04T15:53:42.482054+00:00
rec_ceiling_fan_da8cb45928d64ec1bcffc43f45cd83a9,Ceiling fan,"A farmhouse-style ceiling fan with a hexagonal motor housing on a medium downrod from a ceiling canopy, five wide reclaimed-wood blades on blade irons at the...",是,是,否,new,满足,不满足,满足,满足,不满足,不满足,满足,满足,满足,满足,满足,满足,不满足,不涉及,,yiyun,,,,2026-08-04T15:56:19.935524+00:00,2026-08-04T15:56:19.935524+00:00
rec_clamp_meter_with_hinged_jaw_and_rotary_selector_65542eb3bd604485b57ad41f8a9da67b,Clamp meter with hinged jaw and rotary selector,"A handheld electrician's clamp meter with a C-shaped jaw, a thick insulated body, and a broad function dial under the display, plus three front buttons below...",是,是,否,new,不满足,不满足,满足,满足,满足,满足,满足,满足,不满足,满足,不满足,满足,满足,不涉及,,yiyun,,,,2026-08-04T16:24:40.426019+00:00,2026-08-04T16:24:40.426019+00:00
rec_desktop_hole_punch_with_articulated_components_e631d366a19c4e08940e47e60ec453fb,Desktop hole punch with articulated components,"A long-reach desktop hole punch with an extended base, a tall handle, a front paper guide, and a stop knob at the end of the guide. The handle rotates on a r...",是,否,否,new,满足,满足,满足,满足,满足,满足,满足,满足,满足,满足,满足,满足,满足,不涉及,,yiyun,,,,2026-08-04T16:26:54.279603+00:00,2026-08-04T16:26:54.279603+00:00
rec_desktop_hole_punch_with_articulated_components_27969964fe4e4b2eabe4049a6e38387d,Desktop hole punch with articulated components,"A low-profile hole punch with a flat top handle, a shallow base, and a chip drawer released by a side button. The drawer sits under the punch head housing. T...",是,是,否,new,满足,不满足,不满足,满足,满足,满足,满足,满足,满足,满足,满足,满足,满足,不涉及,,yiyun,,,,2026-08-04T16:29:29.806832+00:00,2026-08-04T16:29:29.806832+00:00
rec_desktop_hole_punch_with_articulated_components_1e97762d47864112a4912bcc08c1c0f2,Desktop hole punch with articulated components,"A desktop hole punch with a tall lever handle, a side lock latch, and an adjustable paper stop rail across the front. The lever handle rotates on a rear tran...",是,是,否,new,不满足,不满足,满足,满足,满足,满足,满足,满足,满足,满足,满足,满足,满足,不涉及,,yiyun,,,,2026-08-04T16:32:03.549340+00:00,2026-08-04T16:32:03.549340+00:00
rec_desktop_hole_punch_with_articulated_components_ebbb6c0b6446404a9c773766ab0c5f6f,Desktop hole punch with articulated components,"A long-throat hole punch with an extended base, a raised handle, and a sliding front guide bar with a locking knob. The handle rotates on a rear hinge at the...",是,是,否,new,不满足,满足,满足,满足,满足,满足,满足,满足,满足,满足,满足,满足,满足,不涉及,,yiyun,,,,2026-08-04T16:35:24.688899+00:00,2026-08-04T16:35:24.688899+00:00
rec_desktop_stapler_with_hinged_top_arm_325732b3b1a9488180058c5494058afc,Desktop stapler with hinged top arm,"A die-cast desktop stapler with a flat rectangular base, a boxy staple magazine connected to a rear hinge tower, a low-profile top arm carried on the back of...",是,是,否,new,不满足,满足,不满足,满足,满足,满足,满足,满足,满足,满足,满足,满足,不满足,不涉及,,yiyun,,,,2026-08-04T16:42:37.734750+00:00,2026-08-04T16:42:37.734750+00:00
rec_digital_multimeter_with_tilt_stand_and_rotary_selector_3385bdfa0bbf42518e4b0805087478dc,Digital multimeter with tilt stand and rotary selector,"A rugged autoranging digital multimeter with a boxy body, a large display window, a deep range dial, and a long kickstand on the back, plus a hold button, a...",是,是,否,new,不满足,不满足,满足,满足,不满足,满足,满足,满足,满足,满足,满足,满足,满足,不涉及,,yiyun,,,,2026-08-04T17:06:40.609429+00:00,2026-08-04T17:06:40.609429+00:00
rec_studio_spotlight_on_yoke_7968ae8aa85c40599898348832c45fa4,Studio spotlight on yoke,"A photo-studio spotlight on a C-stand style base with three folding legs, a vertical column, and a yoke-mounted lamp body. The three legs rotate on hinges at...",是,是,否,new,满足,满足,满足,满足,满足,满足,满足,满足,满足,满足,满足,不满足,不满足,不涉及,,xuge,,,,2026-08-10T15:00:14.526824+00:00,2026-08-10T15:00:14.526824+00:00
rec_syringe_431220b09d204ba1a8937f8fb01386a8,Syringe,"Model Syringe as an industrial safety-first variant for heavy duty cycles. Start from a graduated barrel with linear plunger rod and nozzle tip, then add gua...",是,是,否,new,满足,满足,满足,满足,不满足,满足,满足,满足,满足,满足,满足,满足,满足,不涉及,,xuge,,,,2026-08-10T15:06:49.777965+00:00,2026-08-10T15:06:49.777965+00:00
rec_syringe_a3162327647b489e8a68178f0e766b9b,Syringe,"Create a cost-optimized mass-manufacturable Syringe. Base architecture: a graduated barrel with linear plunger rod and nozzle tip. Reduce part count, simplif...",是,否,否,new,满足,满足,满足,满足,满足,满足,满足,满足,满足,满足,满足,满足,满足,不涉及,,xuge,,,,2026-08-10T15:08:04.504588+00:00,2026-08-10T15:08:04.504588+00:00
rec_syringe_f06e5937f9eb4857be892eb320ef7aa6,Syringe,Generate a compact apartment/desktop version of Syringe. Keep footprint and envelope efficient while preserving full functional articulation from a graduated...,是,是,否,new,满足,满足,满足,满足,不满足,不满足,满足,满足,满足,满足,满足,满足,满足,不涉及,,xuge,,,,2026-08-10T15:09:24.271588+00:00,2026-08-10T15:09:24.271588+00:00
rec_syringe_468c6d904e764d23bc67758e6a96a49d,Syringe,"A hand syringe. A cylindrical barrel holds a plunger rod and plunger head, ending in a nozzle tip. Joints: the plunger translates prismatically along the bar...",是,是,否,new,满足,满足,满足,满足,不满足,不满足,满足,满足,满足,满足,不满足,满足,不满足,不涉及,,xuge,,,,2026-08-10T15:10:30.911901+00:00,2026-08-10T15:10:30.911901+00:00
rec_stand_mixer_be6bff50e99b411bbc02c1627a3d5be5,Stand Mixer,"A bowl-lift stand mixer with a tall column, a deep bowl, and a short side dial plus a front accessory-hub cap on a bayonet mount. The bowl rises vertically o...",是,是,否,new,满足,满足,不满足,满足,满足,不满足,满足,满足,满足,满足,满足,不满足,满足,满足,,wanglin,,,,2026-08-11T13:41:10.313124+00:00,2026-08-11T13:41:10.313124+00:00
rec_stationary_exercise_bike_0006,Stationary exercise bike,"A realistic, highly detailed Stationary Exercise Bike in a refined premium variant, with a stable frame, crank and flywheel housing, saddle support, and beli...",是,是,否,new,满足,满足,不满足,满足,满足,不满足,满足,满足,满足,满足,满足,不满足,满足,满足,,wanglin,,,,2026-08-11T13:48:18.877595+00:00,2026-08-11T13:48:18.877595+00:00
rec_stationary_exercise_bike_555b7fd76fe2479183897444ee1367d5,Stationary exercise bike,Generate a compact apartment/desktop version of Stationary exercise bike. Keep footprint and envelope efficient while preserving full functional articulation...,是,是,否,new,满足,满足,不满足,满足,满足,不满足,满足,满足,满足,满足,满足,不满足,不满足,满足,,wanglin,,,,2026-08-11T13:50:14.709870+00:00,2026-08-11T13:50:14.709870+00:00
rec_stationary_exercise_bike_541413c0121143a2bed6faede26e1fdc,Stationary exercise bike,"Build a precision professional Stationary exercise bike tuned for calibration and repeatable alignment. Use a bike frame with crank set, flywheel housing, sa...",是,是,否,new,满足,满足,不满足,满足,满足,满足,满足,满足,满足,满足,满足,不满足,满足,满足,,wanglin,,,,2026-08-11T13:55:54.024974+00:00,2026-08-11T13:55:54.024974+00:00
rec_stick_vacuum_with_folding_joint_b3622f1e140a4e2bbe710b59f55e8d52,Stick vacuum with folding joint,Generate a compact apartment/desktop version of Stick vacuum with folding joint. Keep footprint and envelope efficient while preserving full functional artic...,是,是,否,new,满足,满足,不满足,不满足,满足,满足,满足,满足,满足,满足,满足,满足,满足,满足,,wanglin,,,,2026-08-11T13:58:49.460941+00:00,2026-08-11T13:58:49.460941+00:00
rec_stick_vacuum_with_folding_joint_40c9de2231e94873a507f7b3c096e4b5,Stick vacuum with folding joint,"A stick vacuum with a folding wand. A motor body connects to a straight wand and a floor head, with the fold joint placed between the body and the wand. Join...",是,是,否,new,不满足,满足,不满足,满足,满足,满足,满足,满足,满足,满足,满足,满足,满足,满足,,wanglin,,,,2026-08-11T14:05:14.256016+00:00,2026-08-11T14:05:14.256016+00:00
rec_stove_top_2c3cf783667e4c74ab1947d83947ac12,Stove top,"A professional kitchen range with six burners, a deep front rail, and a lower oven door spanning most of the body width. Four rotary knobs occupy the center...",是,是,否,new,满足,满足,不满足,满足,满足,满足,满足,不满足,满足,满足,满足,不满足,满足,满足,,wanglin,,,,2026-08-11T14:23:32.424393+00:00,2026-08-11T14:23:32.424393+00:00
rec_stove_top_d36a23cdc463418eb4bbe7508cba7b5b,Stove top,"A two-zone induction stove top with a compact glass surface, one side rotary dial, and three small front buttons. The side dial rotates continuously on its s...",是,是,否,new,满足,满足,不满足,满足,满足,不满足,满足,满足,满足,满足,满足,不满足,满足,满足,,wanglin,,,,2026-08-11T14:25:42.524747+00:00,2026-08-11T14:26:47.950846+00:00
rec_stove_top_0005,Stove top,A flat stainless gas cooktop with four burners mounted into a countertop over a simple two-door base cabinet. The top remains shallow with no stove chassis b...,是,是,否,new,满足,满足,满足,满足,满足,满足,满足,满足,满足,满足,满足,不满足,满足,满足,,wanglin,,,,2026-08-11T14:44:04.658845+00:00,2026-08-11T14:44:04.658845+00:00
rec_stove_top_0002,Stove top,"A flat four-burner gas cooktop set into a thin countertop cutout with no stove body below it. The cooktop slab is shallow and nearly flush with the counter,...",是,是,否,new,满足,满足,满足,满足,满足,不满足,满足,满足,满足,满足,满足,不满足,满足,满足,,wanglin,,,,2026-08-11T14:49:52.937830+00:00,2026-08-11T14:49:52.937830+00:00
